keys,ko
Sheet,시트
Save,저장
Run Scene,씬 실행
Add Event,이벤트 추가
Add Condition,조건 추가
Add Action,액션 추가
Add Code,코드 추가
Add,추가
Edit,편집
View,보기
Tools,도구
Simple Mode,간단 모드
Search,검색
Cancel,취소
Open,열기
Undo,실행 취소
Redo,다시 실행
Copy,복사
Paste,붙여넣기
Zoom In,확대
Zoom Out,축소
Name,이름
Name:,이름:
Type,타입
Text,텍스트
Number,숫자
Yes-No,예-아니오
Details,세부 정보
Parameters,매개변수
Default,기본값
Tooltip,툴팁
Placeholder,자리 표시자
Range,범위
◀ Back,◀ 뒤로
★ Recent,★ 최근
⭐ Favorites,⭐ 즐겨찾기
✚ Apply & Add Another,✚ 적용 후 하나 더 추가
Save the sheet - compile-on-save keeps its generated script fresh (Ctrl+S).,시트를 저장합니다 - 저장 시 컴파일로 생성된 스크립트가 항상 최신 상태로 유지됩니다 (Ctrl+S).
"Save, then play the scene that uses this sheet's script.",저장한 뒤 이 시트의 스크립트를 사용하는 씬을 실행합니다.
Add an event (E).,이벤트를 추가합니다 (E).
Add a condition to the selected event (C).,선택한 이벤트에 조건을 추가합니다 (C).
Add an action to the selected event (A).,선택한 이벤트에 액션을 추가합니다 (A).
Add a GDScript block to the selected event - the deliberate 'drop to code' escape hatch. Opens the code editor immediately.,선택한 이벤트에 GDScript 블록을 추가합니다 - 의도적으로 '코드로 내려가는' 탈출구입니다. 코드 편집기가 바로 열립니다.
"Beginner-friendly view: hides the advanced/code entries (GDScript blocks, sub-conditions, pick filters, signals/enums). Everything still works when off.","초보자 친화적 보기: 고급/코드 항목(GDScript 블록, 하위 조건, 선택 필터, 시그널/열거형)을 숨깁니다. 꺼도 모든 기능은 그대로 동작합니다."
"Toggle the generated-GDScript panel - the sheet's honest compiled output, side by side.",생성된 GDScript 패널을 켜고 끕니다 - 시트의 있는 그대로의 컴파일 결과를 나란히 보여줍니다.
Theme for this sheet (Load/Reload and the Theme Editor live in View),이 시트의 테마 (불러오기/다시 불러오기와 테마 편집기는 보기 메뉴에 있습니다)
"Quick add…  (e.g. every tick, heal 5)","빠른 추가…  (예: every tick, heal 5)"
"Create, open, save, and configure this event sheet.","이 이벤트 시트를 만들고, 열고, 저장하고, 설정합니다."
"Panels, multi-view panes, theme, live values, and zoom.","패널, 다중 보기 창, 테마, 실시간 값, 확대/축소."
"Debug tools, validation, import, and project workflow.","디버그 도구, 검증, 가져오기, 프로젝트 워크플로."
New…,새로 만들기…
Open…,열기…
Save As…,다른 이름으로 저장…
Sheet Type…,시트 타입…
Manage Includes…,포함 시트 관리…
Custom Actions…,사용자 지정 액션…
Export GDScript…,GDScript 내보내기…
Export Addon…,애드온 내보내기…
New Behaviour Addon…,새 비헤이비어 애드온…
Inspector Designer…,Inspector 디자이너…
Teach a Verb - Share Published Verbs,동사 가르치기 - 게시된 동사 공유
Signal Event…,시그널 이벤트…
Global Variable…,전역 변수…
Local Variable…,지역 변수…
Function…,함수…
Code (GDScript) on Selected Event,선택한 이벤트에 코드 (GDScript)
Note…,노트…
Region…,영역…
Preload Resource…,리소스 미리 불러오기…
Extract Selection to Include…,선택 항목을 포함 시트로 추출…
Find References…,참조 찾기…
Generate from Description (AI)…,설명으로 생성 (AI)…
Simple Mode (beginner-friendly),간단 모드 (초보자용)
GDScript Panel (toggle),GDScript 패널 (켜기/끄기)
Open Sheets Panel,열린 시트 패널
Add-Event Rows,'+ 이벤트 추가' 행
Split View (toggle),분할 보기 (켜기/끄기)
Detached View (toggle),분리 보기 (켜기/끄기)
Link Views (toggle),보기 연동 (켜기/끄기)
Load Theme…,테마 불러오기…
Reload Theme,테마 다시 불러오기
Theme Editor…,테마 편집기…
MCP Server (AI tools),MCP 서버 (AI 도구)
"Hide the advanced/code entries (GDScript blocks, sub-conditions, pick filters, match, signals/enums) from the right-click menus. Everything still works in Expert mode.","우클릭 메뉴에서 고급/코드 항목(GDScript 블록, 하위 조건, 선택 필터, match, 시그널/열거형)을 숨깁니다. 전문가 모드에서는 모든 기능이 그대로 동작합니다."
Show/hide the generated-GDScript panel beside the sheet.,시트 옆의 생성된 GDScript 패널을 표시하거나 숨깁니다.
"Show/hide the trailing ""+ Add event…"" rows. Turn off for a cleaner, calmer sheet.","끝의 ""+ 이벤트 추가…"" 행을 표시하거나 숨깁니다. 끄면 더 깔끔하고 차분한 시트가 됩니다."
"Show/hide a second synchronized view of this sheet, side by side.",이 시트의 두 번째 동기화된 보기를 나란히 표시하거나 숨깁니다.
Pop the sheet view out into its own window / bring it back.,시트 보기를 별도 창으로 분리하거나 다시 가져옵니다.
Link/unlink scrolling between the split views.,분할 보기 간 스크롤을 연동하거나 해제합니다.
Debug Breakpoints (toggle),디버그 중단점 (켜기/끄기)
Live Values (toggle),실시간 값 (켜기/끄기)
Event Trace (live highlight),이벤트 추적 (실시간 강조)
Bookmarks…,북마크…
Register Autoload,오토로드 등록
Publish Preview…,게시 미리보기…
Test Bench,테스트 벤치
Find in Project…,프로젝트에서 찾기…
Project Doctor…,프로젝트 Doctor…
Check Sheet for Errors,시트 오류 검사
Vocabulary Doc,어휘 문서
Sheet Backups…,시트 백업…
Save as Template,템플릿으로 저장
Attach to Selected Node,선택한 노드에 붙이기
Preview Behaviors on Selected Node,선택한 노드에서 비헤이비어 미리보기
Lift Report…,가져오기 보고서…
Welcome…,시작 화면…
Start the Tour…,둘러보기 시작…
Keyboard Shortcuts,키보드 단축키
Rename Everywhere…,모든 곳에서 이름 바꾸기…
Change Type Everywhere…,모든 곳에서 형식 바꾸기…
Lint every ƒx expression + GDScript block; flag the offending rows and jump to the first.,모든 ƒx 표현식과 GDScript 블록을 검사하여 문제가 있는 행을 표시하고 첫 번째 행으로 이동합니다.
Toggle breakpoint emission: debug-compiled sheets pause at rows with breakpoints.,중단점 출력을 켜고 끕니다: 디버그로 컴파일된 시트는 중단점이 있는 행에서 일시 정지합니다.
Toggle Live Values: running sheets stream their variables here (editable).,실시간 값을 켜고 끕니다: 실행 중인 시트의 변수가 여기로 스트리밍됩니다 (편집 가능).
+ Add action,+ 액션 추가
+ Add condition,+ 조건 추가
+ Add parameter,+ 매개변수 추가
+ Add event…,+ 이벤트 추가…
Every Tick,매 틱마다
Always,항상
+  Add your first event,+  첫 이벤트 추가하기
New from template…,템플릿에서 새로 만들기…
Create an event sheet…,이벤트 시트 만들기…
This event sheet is empty,이 이벤트 시트는 비어 있습니다
No event sheet is open,열린 이벤트 시트가 없습니다
Empty behavior sheet,빈 비헤이비어 시트
Empty autoload sheet,빈 오토로드 시트
Double-click anywhere - or press E - to add your first event.,아무 곳이나 더블클릭하거나 E 키를 눌러 첫 이벤트를 추가하세요.
Double-click anywhere - or press E - to add an event that drives the Node this attaches to.,아무 곳이나 더블클릭하거나 E 키를 눌러 이 시트가 붙는 노드를 움직이는 이벤트를 추가하세요.
Create one to start building - a menu of ready-made starters opens.,하나 만들어 시작하세요 - 바로 쓸 수 있는 스타터 메뉴가 열립니다.
"Add the signals and functions every sheet in the project should reach (score, game state, an event bus).","프로젝트의 모든 시트가 접근해야 하는 시그널과 함수(점수, 게임 상태, 이벤트 버스)를 추가하세요."
"Tip: the picker understands plain language. Try typing ""every tick"".","팁: 선택기는 일상 언어를 이해합니다. ""every tick""을 입력해 보세요."
Tip: Tools > Welcome… has a playable showcase and a 2-minute tour.,팁: 도구 > 시작 화면… 에 플레이 가능한 쇼케이스와 2분 둘러보기가 있습니다.
Tip: publish a function to the picker and every sheet in the project can call it.,팁: 함수를 선택기에 게시하면 프로젝트의 모든 시트에서 호출할 수 있습니다.
%s - Behavior · acts on host: %s,%s - 비헤이비어 · 호스트에 작동: %s
"%s - Autoload · one instance, project-wide",%s - 오토로드 · 프로젝트 전체에서 단일 인스턴스
%s - Editor Tool · runs in the editor (File > Run),%s - 에디터 도구 · 에디터에서 실행됩니다 (파일 > 실행)
%s - Custom Resource · every .tres of it is a data asset,%s - 커스텀 리소스 · 이 타입의 모든 .tres 가 데이터 애셋입니다
Event Sheet · a script for the %s it's attached to,이벤트 시트 · 붙어 있는 %s 를 위한 스크립트
%s - Custom Node · extends %s,%s - 커스텀 노드 · %s 상속
"Click to edit the sheet type (name, icon, host class).","클릭하여 시트 타입(이름, 아이콘, 호스트 클래스)을 편집합니다."
Add Action / Condition,액션 / 조건 추가
"Search actions, conditions, triggers...","액션, 조건, 트리거 검색..."
Pin the highlighted entry to Favorites (or right-click any entry).,강조된 항목을 즐겨찾기에 고정합니다 (또는 아무 항목이나 우클릭).
Right-click any entry to pin it here.,아무 항목이나 우클릭하여 여기에 고정하세요.
Entries you use appear here.,사용한 항목이 여기에 표시됩니다.
"Select a condition, action, or trigger to create a new event.","조건, 액션 또는 트리거를 선택하여 새 이벤트를 만드세요."
Select an action to append to the selected event.,선택한 이벤트에 추가할 액션을 선택하세요.
Select a condition or trigger to append to the selected event.,선택한 이벤트에 추가할 조건 또는 트리거를 선택하세요.
Untitled EventSheet,제목 없는 이벤트 시트
Unsaved (in-memory),저장되지 않음 (메모리)
Open Sheets,열린 시트
Filter sheets…,시트 필터…
Filter the open sheets by name or path.,열린 시트를 이름이나 경로로 필터링합니다.
New Event,새 이벤트
New Condition,새 조건
Edit Action,액션 편집
Edit Condition,조건 편집
Delete Action,액션 삭제
Delete Condition,조건 삭제
Delete Function,함수 삭제
Replace Action,액션 교체
Replace Condition,조건 교체
Disable Action,액션 비활성화
Disable Condition,조건 비활성화
Invert Condition,조건 반전
Add New Variable,새 변수 추가
Create Variable,변수 만들기
Edit Variable,변수 편집
Add a function…,함수 추가…
Edit Note…,노트 편집…
Edit Events,이벤트 편집
Insert Snippet…,스니펫 삽입…
Extract All Actions to Function…,모든 액션을 함수로 추출…
Group Under a Heading…,제목 아래로 그룹화…
Export Grid to CSV…,표를 CSV로 내보내기…
Import Grid from CSV…,표를 CSV에서 가져오기…
Export Text for Translation…,번역할 텍스트 내보내기…
Import Translations…,번역 가져오기…
Detach Comment To Row,주석을 행으로 분리
Convert Scope,범위 변환
Toggle Constant,상수 전환
Whole numbers only,정수만
Editable in the Inspector (a designer property),Inspector에서 편집 가능 (디자이너 속성)
Constant (can't change at runtime),상수 (런타임에 변경 불가)
Set on _ready() - for node refs like $Player,_ready()에서 설정 - $Player 같은 노드 참조용
"Text - words, names, messages.","텍스트 - 단어, 이름, 메시지."
"A number - a count, score, position, speed… Tick ""Whole numbers only"" for integers.","숫자 - 개수, 점수, 위치, 속도… 정수가 필요하면 ""정수만""을 체크하세요."
"A yes/no, on/off switch (true / false).","예/아니오, 켜기/끄기 스위치 (true / false)."
"An x/y pair: a direction, velocity, or position.","x/y 쌍: 방향, 속도 또는 위치."
An RGBA colour.,RGBA 색상.
An image / sprite resource.,이미지 / 스프라이트 리소스.
Viewing as a sheet,시트로 보는 중
Open in Godot Script Editor,Godot 스크립트 편집기에서 열기
Edit the .gd directly in Godot's script editor - your changes reload here when you come back to this tab.,Godot 스크립트 편집기에서 .gd 파일을 직접 편집하세요 - 이 탭으로 돌아오면 변경 사항이 여기에 다시 로드됩니다.
Take the 2-minute tour,2분 둘러보기 시작
Editor language,에디터 언어
Simple mode - hide advanced rows & menu items,간단 모드 - 고급 행과 메뉴 항목 숨기기
Open the GDScript panel with every sheet,모든 시트에서 GDScript 패널 열기
Coming from another event-sheet tool?,다른 이벤트 시트 도구를 쓰다 오셨나요?
Open the migration guide,마이그레이션 가이드 열기
Report an Issue…,문제 신고…
Something not working right?,문제가 생겼나요?
Report an issue,문제 신고
Reopen this window any time: Tools → Welcome…,이 창은 언제든 다시 열 수 있습니다: 도구 → 시작 화면…
Translations are plain CSV files - drop one into eventsheet_translations/ and its language appears here.,번역은 일반 CSV 파일입니다 - eventsheet_translations/ 폴더에 넣으면 해당 언어가 여기에 나타납니다.
The 2-minute tour,2분 둘러보기
Read a sheet like a sentence,시트를 문장처럼 읽기
Add your first event,첫 이벤트 추가하기
Give it a condition,조건 달아 주기
Make it DO something,무언가 하게 만들기
See the honest GDScript,있는 그대로의 GDScript 보기
You know the loop,이제 흐름을 아셨습니다
Skip tour,둘러보기 건너뛰기
Back,뒤로
Next,다음
Finish,완료
✓ Done - nice! Hit Next.,✓ 완료 - 잘하셨어요! 다음을 누르세요.
Hit Finish and go make something.,완료를 누르고 무언가를 만들어 보세요.
"A coloured section label drawn above this property in the Inspector.
End with a #rrggbb to tint it. Editor decor only - plain comment in the code.","Inspector에서 이 속성 위에 그려지는 색상 섹션 라벨입니다.
끝에 #rrggbb 를 붙이면 색이 입혀집니다. 에디터 장식일 뿐 - 코드에서는 일반 주석입니다."
"A quiet info panel drawn above this property in the Inspector.
Editor decor only - plain comment in the code.","Inspector에서 이 속성 위에 그려지는 은은한 정보 패널입니다.
에디터 장식일 뿐 - 코드에서는 일반 주석입니다."
"A shape over 0-1 (easing, falloff, ramps).","0-1 구간의 곡선 (이징, 감쇠, 램프)."
A whole number (no decimals) - stored as an int. Unticked stores a float.,정수 (소수점 없음) - int 로 저장됩니다. 체크 해제 시 float 로 저장됩니다.
Access,접근
Advanced types,고급 타입
Anatomy,구조
Any type - untyped (advanced; prefer a specific type when you can).,아무 타입 - 타입 없음 (고급; 가능하면 구체적인 타입을 사용하세요).
Clamp to range,범위로 제한
Collapse the panel to a strip,패널을 띠 모양으로 접기
Default field,기본값 필드
Description,설명
Dropped Node Preview,드롭한 노드 미리보기
Easing curve (float: exponential ease handle),이징 곡선 (float: 지수 이징 핸들)
Edit an Array/Dictionary's items one per line instead of typing a literal.,리터럴을 직접 입력하는 대신 Array/Dictionary 의 항목을 한 줄에 하나씩 편집합니다.
Edit items…,항목 편집…
"Event-sheet-style quick add: type an event/condition/action (event-sheet phrasing works) plus optional parameter values, press Enter.",이벤트 시트 방식의 빠른 추가: 이벤트/조건/액션(이벤트 시트식 표현도 가능)과 선택적 매개변수 값을 입력한 뒤 Enter 를 누르세요.
Every sheet function at a glance (✦ = published as an ACE). Click to expand or collapse.,시트의 모든 함수를 한눈에 (✦ = ACE로 게시됨). 클릭하여 펼치거나 접습니다.
Field button,필드 버튼
Flags,플래그
From enum,enum에서
Group under heading,제목 아래 그룹화
"How this variable's field LOOKS in the Inspector - pickers, flags, layer grids... Plain fields need no choice here.","이 변수의 필드가 Inspector에서 어떻게 보이는지 - 선택기, 플래그, 레이어 그리드... 일반 필드는 여기서 선택할 것이 없습니다."
Info note,정보 노트
"Inspector grouping, conditional show/lock, an on-changed callback, clamp, read-only - for variables that reference other variables or functions.","Inspector 그룹화, 조건부 표시/잠금, 변경 시 콜백, 범위 제한, 읽기 전용 - 다른 변수나 함수를 참조하는 변수를 위한 기능입니다."
Inspector look,Inspector 모양
Inspector preview,Inspector 미리보기
Inspector section header (e.g. Combat),Inspector 섹션 제목 (예: Combat)
Lock unless,다음이 아니면 잠금
"Make this sheet's published verbs (its exposed ƒ functions) available in EVERY sheet's picker, node-targeted at $<ClassName>. Extract actions to a function first (right-click an event), then teach it here.",이 시트의 게시된 동사(노출된 ƒ 함수)를 모든 시트의 선택기에서 $<ClassName> 노드 대상으로 사용할 수 있게 합니다. 먼저 액션을 함수로 추출한 뒤(이벤트 우클릭) 여기서 가르치세요.
Match Editor (default),Match 편집기 (기본값)
Multiline (String: big text box),여러 줄 (String: 큰 텍스트 상자)
"No alpha (Color: solid RGB, no transparency)","알파 없음 (Color: 불투명 RGB, 투명도 없음)"
No lower limit,하한 없음
No upper limit,상한 없음
On changed,변경 시
On ready,준비 시 (ready)
"On: a designer can tweak this per-instance in the Inspector (@export var).
Off: internal script state - a plain private var (the default for a new variable).","켬: 디자이너가 Inspector에서 인스턴스별로 조정할 수 있습니다 (@export var).
끔: 스크립트 내부 상태 - 일반 비공개 var 입니다 (새 변수의 기본값)."
"On: compiles to @onready var - the Default is a GDScript EXPRESSION evaluated when the node enters the tree (e.g. $Player, get_node(""UI/Score"")), not a literal.
Use it to grab a node reference once the scene is ready.","켬: @onready var 로 컴파일됩니다 - 기본값은 노드가 트리에 들어갈 때 평가되는 GDScript 표현식이며 (예: $Player, get_node(""UI/Score"")), 리터럴이 아닙니다.
씬이 준비된 후 노드 참조를 가져올 때 사용하세요."
"One column per entry: name:type (String, int, float, bool, color for a swatch, or enum(a|b|c) for a dropdown).
Each Array element becomes a row with these cells.","항목마다 열 하나: 이름:타입 (String, int, float, bool, 색상 견본은 color, 드롭다운은 enum(a|b|c)).
Array 의 각 요소가 이 셀들을 가진 행이 됩니다."
Optional Inspector polish for exported globals - everything compiles to plain Godot annotations.,내보낸 전역 변수를 위한 선택적 Inspector 꾸미기 - 모두 일반 Godot 어노테이션으로 컴파일됩니다.
Options (combo),옵션 (콤보)
Pick the Inspector look from picture tiles instead of the list.,목록 대신 그림 타일에서 Inspector 모양을 선택합니다.
Read-only,읽기 전용
"Renders a small button with this field that calls the named sheet function.
Needs a @tool sheet to act in-editor. Label optional (defaults to the function name).","이 필드 옆에 지정한 시트 함수를 호출하는 작은 버튼을 표시합니다.
에디터 안에서 동작하려면 @tool 시트가 필요합니다. 라벨은 선택 사항입니다 (기본값은 함수 이름)."
Required (warn in the Inspector while unset),필수 (설정되지 않은 동안 Inspector에서 경고)
Save Studio…,Studio 저장…
"Scaffold a ready-to-edit behaviour script in res://eventsheet_addons/ - its signals become triggers, methods become actions/conditions, and @export vars become properties, all auto-discovered as custom ACEs.","res://eventsheet_addons/ 에 바로 편집할 수 있는 비헤이비어 스크립트를 생성합니다 - 시그널은 트리거가 되고, 메서드는 액션/조건이 되고, @export 변수는 속성이 되며, 모두 커스텀 ACE로 자동 발견됩니다."
Section header,섹션 제목
"See the WHOLE sheet's Inspector as one live view - every exported variable with its decor, grouping, and widget, exactly as Godot will show it.","시트 전체의 Inspector를 하나의 실시간 보기로 확인하세요 - 내보낸 모든 변수의 장식, 그룹, 위젯이 Godot 이 보여줄 모습 그대로 표시됩니다."
Show as,표시 방식
Show if,표시 조건
Shown after the number in the Inspector (suffix:px).,Inspector에서 숫자 뒤에 표시됩니다 (suffix:px).
"Shows a red warning above the field until a value is assigned
(a Resource left empty, a String left blank). Editor-only.","값이 할당될 때까지 필드 위에 빨간 경고를 표시합니다
(비워 둔 Resource, 빈 String). 에디터 전용."
Slider extras,슬라이더 추가 옵션
"Start editing this sheet here. From then on, Save (Ctrl+S) updates the file - or use Save As… to keep the original and save a copy.",여기서 이 시트 편집을 시작하세요. 이후 저장(Ctrl+S)이 파일을 업데이트합니다 - 원본을 유지하고 사본으로 저장하려면 다른 이름으로 저장… 을 사용하세요.
Sub-heading,하위 제목
"Swap the Inspector field for a richer drawer (dial, swatches, curve…).
Graceful: a plain field without the editor plugin (parity preserved).","Inspector 필드를 더 풍부한 위젯(다이얼, 색상 견본, 곡선…)으로 바꿉니다.
안전한 대체: 에디터 플러그인이 없으면 일반 필드로 표시됩니다 (동작은 동일)."
Table columns,테이블 열
"The Inspector calls this function while the property is edited and shows
the returned message above the field. Needs a @tool sheet to run in-editor.","속성을 편집하는 동안 Inspector가 이 함수를 호출하고 반환된 메시지를
필드 위에 표시합니다. 에디터 안에서 실행하려면 @tool 시트가 필요합니다."
The slider stops at max but typing a bigger number is allowed (or_greater).,슬라이더는 최댓값에서 멈추지만 더 큰 숫자를 직접 입력할 수 있습니다 (or_greater).
"The variable's type. For a node reference, type the node's class (Sprite2D, Label, Area2D…) or leave Variant.","변수의 타입입니다. 노드 참조라면 노드의 클래스(Sprite2D, Label, Area2D…)를 입력하거나 Variant 로 두세요."
"Turn the MCP server (AI-assistant tools) on/off. When off, connected AI clients see no tools and can't read or change your sheets. Takes effect live - no reconnect needed.",MCP 서버(AI 어시스턴트 도구)를 켜거나 끕니다. 끄면 연결된 AI 클라이언트에 도구가 보이지 않으며 시트를 읽거나 변경할 수 없습니다. 즉시 적용됩니다 - 재연결이 필요 없습니다.
Typing below min is allowed (or_less).,최솟값보다 작은 값을 직접 입력할 수 있습니다 (or_less).
Validate with,검증 함수
"Write this sheet's plain, standalone GDScript to a file you own. No plugin dependency - proof you can leave the addon anytime.",이 시트의 순수하고 독립적인 GDScript를 원하는 파일로 내보냅니다. 플러그인 의존성이 없습니다 - 언제든 애드온을 떠날 수 있다는 증거입니다.
accent label above (e.g. Combat #e06666),위에 표시되는 강조 라벨 (예: Combat #e06666)
bool variable (hidden when false),bool 변수 (false면 숨김)
bool variable (read-only when false),bool 변수 (false면 읽기 전용)
"columns, e.g. item:String, count:int, rare:bool","열, 예: item:String, count:int, rare:bool"
"comma-separated, e.g. easy, normal, hard (String only)","쉼표로 구분, 예: easy, normal, hard (String 전용)"
"function and button label, e.g. reroll_stats Reroll","함수와 버튼 라벨, 예: reroll_stats Reroll"
grey hint shown when the field is empty,필드가 비어 있을 때 표시되는 회색 힌트
"min, max, step (numeric: slider)","최소, 최대, 단계 (숫자: 슬라이더)"
nested section under the group (e.g. Melee),그룹 아래 중첩 섹션 (예: Melee)
note panel above (e.g. Shared resource - edits affect every user.),위에 표시되는 노트 패널 (예: 공유 리소스 - 수정하면 모든 사용자에게 영향을 줍니다.)
sheet function called after assignment,할당 후 호출되는 시트 함수
sheet function returning a warning String (empty = valid),경고 String 을 반환하는 시트 함수 (비어 있으면 유효)
"type - e.g. Node2D, Label, Sprite2D (or Variant for any)","타입 - 예: Node2D, Label, Sprite2D (아무 타입이면 Variant)"
"unit, e.g. px","단위, 예: px"
what this variable is for - shown as its description in the Inspector,이 변수의 용도 - Inspector에서 설명으로 표시됩니다
"▸  Advanced (grouping, conditions, clamp…)","▸  고급 (그룹화, 조건, 범위 제한…)"
"▸  More options (range, drawer, grouping…)","▸  추가 옵션 (범위, 위젯, 그룹화…)"
Create Code Region,코드 영역 만들기
Create Code Region…,코드 영역 만들기…
Doc comment,문서 주석
Documentation shown above the function (## …). BBCode like [b]bold[/b] is allowed.,함수 위에 표시되는 문서입니다 (## …). [b]굵게[/b] 같은 BBCode를 사용할 수 있습니다.
Getter body,게터 본문
Setter body,세터 본문
Setter parameter,세터 매개변수
The name of the setter's incoming-value parameter (defaults to `value`).,세터로 들어오는 값 매개변수의 이름입니다 (기본값 `value`).
The statements that run when this variable is assigned (`set(value):`). Use `value` for the incoming value. Leave blank for no setter.,이 변수에 값이 할당될 때 실행되는 문장입니다 (`set(value):`). 들어오는 값은 `value` 를 사용하세요. 비워 두면 세터가 없습니다.
"The statements that run when this variable is read (`get:`), ending in `return …`. Leave blank for no getter.","이 변수를 읽을 때 실행되는 문장이며 (`get:`), `return …` 으로 끝납니다. 비워 두면 게터가 없습니다."
"getter body, e.g.  return _health","게터 본문, 예:  return _health"
"setter body, e.g.  health = clampi(value, 0, max_health)","세터 본문, 예:  health = clampi(value, 0, max_health)"
A faint tint over the actions (right) lane.,액션(오른쪽) 레인 위의 옅은 색조.
A faint tint over the conditions (left) lane.,조건(왼쪽) 레인 위의 옅은 색조.
"Accent (groups, selection)","강조 (그룹, 선택)"
Action Lane Color,액션 레인 색상
Action Lane Padding,액션 레인 여백
Action cells,액션 셀
Alternate group header background (zebra).,그룹 헤더의 교차 배경 (얼룩말 줄무늬).
Apply To Current Sheet,현재 시트에 적용
Background of a group header row.,그룹 헤더 행의 배경.
Background of the Conditions / Actions column header bar.,조건 / 액션 열 헤더 바의 배경.
Background of the fold triangle box on a group.,그룹의 접기 삼각형 상자 배경.
Badge Background Color,배지 배경 색상
Badge Extra Width,배지 추가 너비
Badge Foreground Color,배지 전경 색상
Base (background tone),베이스 (배경 톤)
Behavior Accent Color,비헤이비어 강조 색상
Border of the condition/action chip.,조건/액션 칩의 테두리.
Cell Corner Radius,셀 모서리 반경
Cell Hover Color,셀 호버 색상
Chip Background Color,칩 배경 색상
Chip Border Color,칩 테두리 색상
Chip Hover Color,칩 호버 색상
Chip fill when hovered.,마우스를 올렸을 때 칩의 채우기 색.
Close,닫기
Column Header Actions Color,열 헤더 액션 색상
Column Header Background Color,열 헤더 배경 색상
Column Header Conditions Color,열 헤더 조건 색상
Comment Row Background Color,주석 행 배경 색상
Comment Text Color,주석 텍스트 색상
Condition Badge Column Width,조건 배지 열 너비
Condition Lane Color,조건 레인 색상
Condition Lane Padding,조건 레인 여백
Condition Lane Ratio,조건 레인 비율
Condition cells,조건 셀
Corner Radius,모서리 반경
Corner roundness of group rows (0 = square bar).,그룹 행의 모서리 둥글기 (0 = 각진 바).
Corner roundness of individual condition/action cells.,개별 조건/액션 셀의 모서리 둥글기.
Corner roundness of region marker bubbles.,영역 마커 말풍선의 모서리 둥글기.
"Corner roundness of the chip, in pixels.",칩의 모서리 둥글기 (픽셀 단위).
"Corner roundness of the event block, in pixels (0 = square).","이벤트 블록의 모서리 둥글기, 픽셀 단위 (0 = 각짐)."
"Editor (hover, selection, lanes)","에디터 (호버, 선택, 레인)"
Event Corner Radius,이벤트 모서리 반경
"Extra width reserved for the role badge on the chip, in pixels.",칩의 역할 배지를 위해 예약된 추가 너비 (픽셀 단위).
Fill of the condition/action chip.,조건/액션 칩의 채우기 색.
Fill of the count badge on a group.,그룹의 개수 배지 채우기 색.
Fill of the role badge on the chip.,칩의 역할 배지 채우기 색.
"Fill of the trigger arrow badge (On Ready, On Signal...).","트리거 화살표 배지의 채우기 색 (On Ready, On Signal...)."
Font Size Delta,글꼴 크기 차이
Gap After,뒤쪽 간격
Generate Theme,테마 생성
Group Accent Color,그룹 강조 색상
Group Background Alt Color,그룹 배경 교차 색상
Group Background Color,그룹 배경 색상
Group Badge Background Color,그룹 배지 배경 색상
Group Badge Foreground Color,그룹 배지 전경 색상
Group Corner Radius,그룹 모서리 반경
Group Fold Background Color,그룹 접기 배경 색상
Group Title Color,그룹 제목 색상
"Height of a single event row, in pixels - raise it for more breathing room.","이벤트 행 하나의 높이, 픽셀 단위 - 더 여유로운 공간을 원하면 높이세요."
Horizontal Padding,가로 여백
Hover Fill Color,호버 채우기 색상
How much of the row width the conditions lane takes (0.2 - 0.8).,행 너비에서 조건 레인이 차지하는 비율 (0.2 - 0.8).
Icon/text colour on the trigger badge.,트리거 배지의 아이콘/텍스트 색상.
"Inner padding on the actions lane, in pixels.",액션 레인의 안쪽 여백 (픽셀 단위).
"Inner padding on the conditions lane, in pixels.",조건 레인의 안쪽 여백 (픽셀 단위).
Invert Marker Color,반전 마커 색상
Lane Divider Color,레인 구분선 색상
Lane Divider Width,레인 구분선 두께
Language Block Accent Color,언어 블록 강조 색상
Line thickness of region marker borders.,영역 마커 테두리의 선 두께.
Minimum Conditions Lane Width,조건 레인 최소 너비
Minimum Row Height,행 최소 높이
Object Label Color,오브젝트 라벨 색상
"Parameter values (numbers, strings) highlighted inside ACE text.","ACE 텍스트 안에서 강조되는 매개변수 값 (숫자, 문자열)."
"Pick a base + accent, then Generate. Fine-tune individual tokens below.",베이스 + 강조 색을 고른 뒤 생성을 누르세요. 아래에서 개별 토큰을 세밀하게 조정할 수 있습니다.
Quick Style - recolour everything at once,빠른 스타일 - 한 번에 전체 색 바꾸기
Rebuild every colour token from the three colours above.,위의 세 가지 색상으로 모든 색상 토큰을 다시 만듭니다.
Region Corner Radius,영역 모서리 반경
Region Line Width,영역 선 두께
Reset To Default,기본값으로 재설정
Restore the bundled default look.,기본 제공되는 모양으로 되돌립니다.
Row Background Alt Color,행 배경 교차 색상
Row Background Color,행 배경 색상
Row Border Color,행 테두리 색상
Save As Preset…,프리셋으로 저장…
Selection Fill Color,선택 채우기 색상
Sheet & rows (event style),시트와 행 (이벤트 스타일)
Sheet Background Color,시트 배경 색상
"Space between this chip and the next one, in pixels.",이 칩과 다음 칩 사이의 간격 (픽셀 단위).
"Space inside the chip, above and below its text, in pixels.",칩 안쪽에서 텍스트 위아래의 여백 (픽셀 단위).
"Space inside the chip, left and right of its text, in pixels.",칩 안쪽에서 텍스트 좌우의 여백 (픽셀 단위).
Text Color,텍스트 색상
Text colour of the role badge.,역할 배지의 텍스트 색상.
Text colour on the group count badge.,그룹 개수 배지의 텍스트 색상.
"Text size adjustment for this chip kind, relative to the sheet font (+/- points).","이 칩 종류의 텍스트 크기 조정, 시트 글꼴 기준 (+/- 포인트)."
The 'Actions' header label colour.,'액션' 헤더 라벨 색상.
The 'Conditions' header label colour.,'조건' 헤더 라벨 색상.
The background of a normal event row.,일반 이벤트 행의 배경.
The background of every OTHER row (the zebra stripe).,한 행 걸러 하나씩 적용되는 배경 (얼룩말 줄무늬).
The banner colour behind a full-width comment.,전체 너비 주석 뒤의 배너 색상.
"The colour behind the whole sheet, outside the rows.","행 바깥, 시트 전체 뒤의 색상."
The conditions lane never shrinks below this many pixels.,조건 레인은 이 픽셀 수보다 작아지지 않습니다.
The group title text colour.,그룹 제목 텍스트 색상.
The group's left accent stripe and hairlines.,그룹의 왼쪽 강조 줄무늬와 가는 선.
The highlight over a selected row.,선택된 행 위의 강조 표시.
"The object/origin label before each condition/action (System, node class).","각 조건/액션 앞의 오브젝트/출처 라벨 (System, 노드 클래스)."
The red X shown on an inverted (negated) condition.,반전(부정)된 조건에 표시되는 빨간 X.
"The soft-purple 'this is a behavior' accent (banner, region default).","'이것은 비헤이비어' 를 나타내는 연보라 강조색 (배너, 영역 기본값)."
"The stripe + wash on language blocks (a data class, a host binding, a switch case) so they read as code structure, not regular events.","언어 블록(데이터 클래스, 호스트 바인딩, switch 케이스)의 줄무늬 + 배경색으로, 일반 이벤트가 아닌 코드 구조로 읽히게 합니다."
The text colour of comments.,주석의 텍스트 색상.
The text colour of the chip.,칩의 텍스트 색상.
The thin line between rows.,행 사이의 가는 선.
The tint over the row under the mouse.,마우스 아래 행에 씌워지는 색조.
The vertical line splitting conditions from actions.,조건과 액션을 나누는 세로선.
Theme Editor,테마 편집기
Thickness of the conditions/actions divider line.,조건/액션 구분선의 두께.
Tint over a single condition/action cell under the mouse.,마우스 아래 단일 조건/액션 셀에 씌워지는 색조.
Trigger Badge Background Color,트리거 배지 배경 색상
Trigger Badge Foreground Color,트리거 배지 전경 색상
Value Highlight Color,값 강조 색상
Vertical Padding,세로 여백
Width reserved for the trigger/condition badge column.,트리거/조건 배지 열에 예약된 너비.
Add Comment Sub-Event,주석 하위 이벤트 추가
Add GDScript Action,GDScript 액션 추가
Add Match To Actions…,액션에 match 추가…
Add Pick Filter (For Each)…,선택 필터 추가 (각각에 대해)…
Add Sub-Condition,하위 조건 추가
Add Sub-Event,하위 이벤트 추가
Attach To Event Above,위 이벤트에 붙이기
Clear Else,Else 제거
Clear Else-If,Else-If 제거
Close Group,그룹 닫기
Comment,주석
Convert to AND Block,AND 블록으로 변환
Convert to OR Block,OR 블록으로 변환
Copy as Text,텍스트로 복사
Cut,잘라내기
Delete,삭제
Disable / Enable Selection,선택 항목 비활성화 / 활성화
Disable Row,행 비활성화
Duplicate,복제
Duplicate Selection,선택 항목 복제
Edit Comment…,주석 편집…
Edit Description…,설명 편집…
Enable Row,행 활성화
Enum,열거형 (Enum)
Event Above,위에 이벤트
Event Below,아래에 이벤트
Find Usages (project),사용처 찾기 (프로젝트)
GDScript Block,GDScript 블록
Group,그룹
Group Color…,그룹 색상…
Group Selection into New Group,선택 항목을 새 그룹으로 묶기
Insert,삽입
Make Else,Else로 만들기
Make Else-If,Else-If로 만들기
More,더 보기
Open / Close Group,그룹 열기 / 닫기
Open Group,그룹 열기
Open in Split,분할 보기로 열기
Runtime Toggleable,런타임에 전환 가능
Save Selection as Snippet…,선택 항목을 스니펫으로 저장…
Scope Actions To Node…,액션을 노드로 한정…
Set Breakpoint Condition…,중단점 조건 설정…
Signal Handler,시그널 핸들러
Variable,변수
Else,아니면
Else If,아니면 만약
"A list of numbers (Array[float]) - weights, timings, chances.","숫자 목록 (Array[float]) - 가중치, 타이밍, 확률."
"A list of text entries (Array[String]) - names, lines, tags.","텍스트 항목 목록 (Array[String]) - 이름, 대사, 태그."
"A list of whole numbers (Array[int]) - scores, ids, tile indexes.","정수 목록 (Array[int]) - 점수, id, 타일 인덱스."
A list that can hold anything (mixed types allowed).,무엇이든 담을 수 있는 목록입니다 (혼합 타입 허용).
Action Object Column Width,액션 오브젝트 열 너비
Condition Object Column Width,조건 오브젝트 열 너비
Designer Template,디자이너 템플릿
Fixed width of the object-name column in the actions lane (0 = text flows after each name). Also set by dragging the name/text gap in a row.,액션 레인에서 오브젝트 이름 열의 고정 너비입니다 (0 = 각 이름 뒤에 텍스트가 이어짐). 행에서 이름/텍스트 사이 간격을 드래그해도 설정됩니다.
Fixed width of the object-name column in the conditions lane (0 = text flows after each name). Also set by dragging the name/text gap in a row.,조건 레인에서 오브젝트 이름 열의 고정 너비입니다 (0 = 각 이름 뒤에 텍스트가 이어짐). 행에서 이름/텍스트 사이 간격을 드래그해도 설정됩니다.
Group Row Height,그룹 행 높이
"Height of a group header bar, in pixels - double an event row by default; lower it for the classic slim bar.","그룹 헤더 바의 높이(픽셀)입니다 - 기본값은 이벤트 행의 두 배이며, 클래식한 슬림 바를 원하면 낮추세요."
Language,언어
"Make your own data asset in three questions: name one entry, list its columns, done - a Resource whose Inspector is a fill-in table, saved as .tres files designers edit.","세 가지 질문으로 나만의 데이터 애셋을 만듭니다: 항목 하나의 이름을 정하고, 열을 나열하면 끝 - Inspector가 채워 넣는 표가 되는 Resource로, 디자이너가 편집하는 .tres 파일로 저장됩니다."
Named anything (by text key) - a flexible data bag.,이름 붙은 아무 값 (텍스트 키 기준) - 유연한 데이터 주머니.
"Named numbers (by text key) - e.g. volumes[""music""] = 0.8.","이름 붙은 숫자 (텍스트 키 기준) - 예: volumes[""music""] = 0.8."
Named slots holding anything: look values up by a key.,무엇이든 담는 이름 붙은 슬롯: 키로 값을 찾아봅니다.
"Named text (by text key) - e.g. lines[""greeting""].","이름 붙은 텍스트 (텍스트 키 기준) - 예: lines[""greeting""]."
"Named whole numbers (by text key) - e.g. costs[""sword""] = 10.","이름 붙은 정수 (텍스트 키 기준) - 예: costs[""sword""] = 10."
New Custom Resource…,새 사용자 지정 리소스…
New Editor Tool…,새 에디터 도구…
Object Icons,오브젝트 아이콘
"Start an editor-side tool sheet: its events run INSIDE the editor (script editor > File > Run), never in the game - batch renames, scene checks, one-click chores.","에디터 쪽 도구 시트를 시작합니다: 이 시트의 이벤트는 게임이 아니라 에디터 안에서 실행됩니다 (스크립트 에디터 > File > Run) - 일괄 이름 변경, 씬 점검, 원클릭 잡무에 좋습니다."
Switch the EventSheets editor language. Drop a translation CSV into addons/eventsheet/translations/ and it appears here automatically.,EventSheets 에디터 언어를 전환합니다. 번역 CSV를 addons/eventsheet/translations/ 에 넣으면 자동으로 여기에 나타납니다.
"Makes your own data asset: a Resource with a table designers fill in the Inspector and save as .tres files - loot tables, dialogue lines, wave plans, anything that is rows of data. No annotations to learn; describe the rows and the sheet is generated.","나만의 데이터 애셋을 만듭니다: 디자이너가 Inspector에서 표를 채우고 .tres 파일로 저장하는 Resource입니다 - 전리품 테이블, 대사, 웨이브 계획 등 행으로 이루어진 데이터라면 무엇이든. 배울 어노테이션은 없습니다. 행을 설명하면 시트가 생성됩니다."
What are you making?,무엇을 만들고 있나요?
One entry is a…,항목 하나는…
Resource name,리소스 이름
What does an entry have?,항목 하나에는 무엇이 있나요?
"One column per line. Plain words make a text column; add "": float"", "": int"", or "": bool"" for numbers and toggles; list choices with | for a dropdown.

name
kind: coin|gem|key
weight: float","한 줄에 열 하나씩. 일반 단어는 텍스트 열이 되고, 숫자와 토글에는 "": float"", "": int"", "": bool""을 붙이세요. 선택지를 | 로 나열하면 드롭다운이 됩니다.

name
kind: coin|gem|key
weight: float"
Before it works,동작하기 전에
Warn in the Inspector until the table has rows (required),표에 행이 생길 때까지 Inspector에서 경고 (필수)
"Add a validation check (a function warning about bad data, live)",검증 검사 추가 (잘못된 데이터를 실시간으로 경고하는 함수)
Creates a ready-to-edit validate function: it runs while the table is edited in the Inspector and shows any warning it returns above the field. Add your own rules as condition rows.,"바로 편집할 수 있는 validate 함수를 만듭니다: Inspector에서 표를 편집하는 동안 실행되고, 반환한 경고를 필드 위에 표시합니다. 자신의 규칙은 조건 행으로 추가하세요."
Inspector button,Inspector 버튼
"Show this function as a one-click button in the Inspector, labelled with this text. Pressing the button runs the function's rows - great for editor chores like re-baking, refilling, or validating.","이 함수를 Inspector에 원클릭 버튼으로 표시하고, 이 텍스트를 라벨로 사용합니다. 버튼을 누르면 함수의 행이 실행됩니다 - 다시 굽기, 다시 채우기, 검증 같은 에디터 잡무에 좋습니다."
Plain GDScript - anything valid in an expression works here. Ctrl+Space completes sheet variables/functions and host members. Alt+Enter grows the box for a long expression (and shrinks it back).,일반 GDScript - 표현식에서 유효한 것은 여기서 모두 동작합니다. Ctrl+Space 는 시트 변수/함수와 호스트 멤버를 자동 완성합니다. Alt+Enter 는 긴 표현식을 위해 입력란을 키웁니다 (다시 줄일 수도 있습니다).
"Find Expressions - open the expressions dictionary (floating: double-click inserts, stays open until you close it)","표현식 찾기 - 표현식 사전을 엽니다 (떠 있는 창: 더블 클릭으로 삽입, 닫을 때까지 열려 있음)"
Expressions dictionary,표현식 사전
Double-click to insert at the cursor - the dictionary stays open so results chain. You can also just type in the field: the same expressions autocomplete as you go.,더블 클릭하면 커서 위치에 삽입됩니다 - 사전이 계속 열려 있어 결과를 이어 붙일 수 있습니다. 필드에 그냥 입력해도 됩니다: 같은 표현식이 입력하는 대로 자동 완성됩니다.
Loop index (optional),루프 인덱스 (선택 사항)
"Name a counter that runs 0, 1, 2... each pass - Construct's loopindex. Read it with the Loop Index expression; give nested loops distinct names and read an outer one with Loop Index Of.","매 반복마다 0, 1, 2... 로 증가하는 카운터의 이름을 정합니다 - Construct의 loopindex 입니다. Loop Index 표현식으로 읽고, 중첩 루프에는 서로 다른 이름을 주고 바깥 루프는 Loop Index Of 로 읽으세요."
Write one value per line (multi-line enum),한 줄에 값 하나씩 쓰기 (여러 줄 열거형)
"Off: enum State { IDLE, RUN }. On: each value on its own tab-indented line - the usual shape for long enums with explicit numbers.","끄면: enum State { IDLE, RUN }. 켜면: 각 값이 탭 들여쓰기된 자기 줄에 놓입니다 - 명시적 숫자가 있는 긴 열거형의 일반적인 형태입니다."
Addon Pack,애드온 팩
Make your own data asset,나만의 데이터 애셋 만들기
"Sheets aren't only for gameplay: Sheet > New Custom Resource… asks three plain questions (what one entry is called, what columns it has, whether it's required) and builds a data asset whose Inspector is a fill-in table - loot tables, dialogue lines, wave plans. Designers fill rows and save .tres variants; your sheets load them. And Sheet > New Editor Tool… makes one-click editor chores the same way.","시트는 게임플레이만을 위한 것이 아닙니다: Sheet > New Custom Resource… 는 세 가지 쉬운 질문(항목 하나를 뭐라고 부를지, 어떤 열이 있는지, 필수인지)을 묻고 Inspector가 채워 넣는 표가 되는 데이터 애셋을 만듭니다 - 전리품 테이블, 대사, 웨이브 계획. 디자이너가 행을 채우고 .tres 변형을 저장하면 시트가 그것을 불러옵니다. Sheet > New Editor Tool… 도 같은 방식으로 원클릭 에디터 잡무를 만듭니다."
Peek at Sheet > New Custom Resource… (Esc closes it without creating anything).,Sheet > New Custom Resource… 를 살짝 열어보세요 (Esc 를 누르면 아무것도 만들지 않고 닫힙니다).
Connect Signal to Event Sheet,시그널을 이벤트 시트에 연결
Connect,연결
%s - pick a signal,%s - 시그널 선택
An On <Signal> event is added to the node's sheet; its actions run when the signal fires.,"On <Signal> 이벤트가 노드의 시트에 추가되며, 시그널이 발생하면 액션이 실행됩니다."
Filter signals...,시그널 필터...
Connected %s - add actions to the new event.,%s 연결됨 - 새 이벤트에 액션을 추가하세요.
Open the EventSheet workspace to connect signals.,시그널을 연결하려면 EventSheet 작업 공간을 여세요.
Bold (Ctrl+B),굵게 (Ctrl+B)
Italic (Ctrl+I),기울임 (Ctrl+I)
Underline (Ctrl+U),밑줄 (Ctrl+U)
Strikethrough (Ctrl+Shift+S),취소선 (Ctrl+Shift+S)
Wrap the selection in [color=...] (edit the hex after),선택 영역을 [color=...]로 감쌉니다 (이후 색상 수정)
Loaded: (unsaved EventSheet),불러옴: (저장되지 않은 EventSheet)
Event Numbers,이벤트 번호
Aligned Object Columns,객체 열 정렬
Outline…,개요…
Outline,개요
Go to Event,이벤트로 이동
Go to Event Number…,이벤트 번호로 이동…
Bookmarks,북마크
◂ Previous,◂ 이전
Next ▸,다음 ▸
Clear All,모두 지우기
Current sheet,현재 시트
Filter,필터
Edit Values Across Selection…,선택 영역의 값 일괄 편집…
Select All Events Using This,이것을 사용하는 모든 이벤트 선택
Replace Object References…,오브젝트 참조 바꾸기…
Paste Special…,선택하여 붙여넣기…
Replace Object References,오브젝트 참조 바꾸기
Retarget the selection,선택 영역 대상 변경
Replace,바꾸기
From,원본
To,대상
Add Field…,필드 추가…
Remove Field,필드 제거
Add Field,필드 추가
New field on this data class,이 데이터 클래스의 새 필드
all,전체
Action,액션
Condition,조건
Expression,표현식
Trigger,트리거
Signal,시그널
gives back %s,%s 반환
emits %s,%s 발신
waits,대기
static,정적
internal,내부
★ featured,★ 추천
text,텍스트
number,숫자
true/false,true/false
point,좌표
color,색
any,모두
Edit Parameter,매개변수 편집
Add Parameter,매개변수 추가
Apply,적용
Delete this parameter,이 매개변수 삭제
Edit the whole verb…,동사 전체 편집…
e.g. amount,예: amount
leave empty to make it required,비워 두면 필수 항목이 됩니다
what this input is for,이 입력의 용도
A parameter needs a name.,매개변수에는 이름이 필요합니다.
Updated the parameter.,매개변수를 업데이트했습니다.
Removed the parameter.,매개변수를 제거했습니다.
e.g. Re-bake  (empty = no button),예: 다시 굽기 (비우면 버튼 없음)
"What this verb is called. Write it in plain words - ""Take Damage"" becomes take_damage in the generated GDScript. Other rows call the verb by this name.","이 동사의 이름입니다. ""Take Damage""처럼 쉬운 말로 쓰면 생성된 GDScript에서는 take_damage가 됩니다. 다른 행은 이 이름으로 동사를 호출합니다."
Godot's own documentation for this verb. It is written above the function as ## lines and shows up in the editor's built-in help and when hovering the verb elsewhere. Optional.,이 동사에 대한 Godot 자체 문서입니다. 함수 위에 ## 줄로 작성되며 에디터 내장 도움말과 동사에 마우스를 올렸을 때 표시됩니다. 선택 사항입니다.
"Puts a clickable button on this node's Inspector panel, labelled with whatever you type here. Pressing it runs this verb right there in the editor - handy for chores like re-baking a level or filling in test data. Leave it empty (the usual case) and no button appears.",이 노드의 Inspector 패널에 여기 입력한 문구를 라벨로 하는 버튼을 추가합니다. 누르면 이 동사가 에디터 안에서 바로 실행됩니다 - 레벨 다시 굽기나 테스트 데이터 채우기 같은 작업에 유용합니다. 비워 두면(보통의 경우) 버튼이 생기지 않습니다.
"The kind of value this verb hands back to whoever asked - a number, some text, a true/false, a position, and so on. Pick the one that matches what the verb works out.","이 동사가 호출한 쪽에 돌려주는 값의 종류입니다 - 숫자, 텍스트, true/false, 좌표 등입니다. 동사가 실제로 계산하는 것에 맞는 것을 고르세요."
"One line saying what this verb does. It shows beside the verb in the picker, so it is what somebody reads when deciding whether this is the verb they want.","이 동사가 무엇을 하는지 한 줄로 씁니다. 피커에서 동사 옆에 표시되므로, 원하는 동사인지 판단하는 사람이 읽게 되는 문장입니다."
"The friendly name shown in the picker instead of the function name - ""Deal Damage"" reads better than deal_damage. Leave it empty to let it default from the verb name.","피커에서 함수 이름 대신 표시되는 친숙한 이름입니다 - ""Deal Damage""가 deal_damage보다 읽기 좋습니다. 비워 두면 동사 이름에서 자동으로 정해집니다."
"Which section of the picker files this verb. Verbs sharing a category are grouped together, so a pack usually puts all of its verbs under one - its own name works well.","이 동사를 피커의 어느 구역에 넣을지입니다. 같은 카테고리의 동사끼리 묶이므로, 팩은 보통 자기 동사를 모두 하나에 넣습니다 - 팩 이름이 잘 어울립니다."
"What this input is called. It becomes the parameter's name in the generated GDScript, and the label on the verb's row, so plain words beat abbreviations.","이 입력의 이름입니다. 생성된 GDScript에서는 매개변수 이름이 되고, 동사 행에서는 라벨이 됩니다. 줄임말보다 쉬운 말이 좋습니다."
"What kind of value this input accepts - a number (int / float), text (String), a true/false (bool), a position (Vector2 / Vector3), or Variant for anything at all.","이 입력이 받는 값의 종류입니다 - 숫자(int / float), 텍스트(String), true/false(bool), 좌표(Vector2 / Vector3), 또는 무엇이든 받는 Variant입니다."
"An optional starting value, so whoever uses the verb can skip this input. Written as GDScript (10, 1.5, ""idle"", true). GDScript requires inputs WITH a default to come last, so filling this in may move the parameter down.","선택적인 초기값으로, 동사를 쓰는 쪽이 이 입력을 생략할 수 있게 합니다. GDScript로 씁니다 (10, 1.5, ""idle"", true). GDScript는 기본값이 있는 입력을 뒤쪽에 두도록 요구하므로, 이걸 채우면 매개변수가 아래로 밀릴 수 있습니다."
"One line explaining this input. It shows in the picker beside the field, which is where somebody decides what to type into it.","이 입력을 설명하는 한 줄입니다. 피커에서 입력란 옆에 표시되며, 바로 거기서 무엇을 입력할지 정하게 됩니다."
Removes the input from the verb entirely. Anything already calling the verb loses the value it was passing here.,이 입력을 동사에서 완전히 제거합니다. 이미 이 동사를 호출하던 곳은 여기 넘기던 값을 잃게 됩니다.
"Each parameter has a name, type, optional default value, and description.","각 매개변수에는 이름, 형식, 선택적 기본값, 설명이 있습니다."
A GDScript boolean expression - the body runs only when all hold (e.g. host.enabled).,GDScript 불리언 식입니다 - 모두 참일 때만 본문이 실행됩니다(예: host.enabled).
Publishes the verb into pickers as the chosen kind.,선택한 종류로 이 동사를 피커에 게시합니다.
Optional default value (a GDScript expression). Defaulted params must come last.,선택적 기본값입니다(GDScript 식). 기본값이 있는 매개변수는 마지막에 와야 합니다.
Remove this parameter.,이 매개변수를 제거합니다.
Remove this condition.,이 조건을 제거합니다.
New Function,새 함수
"Action, Condition, or Expression?","액션, 조건, 표현식 중 무엇인가요?"
Function,함수
Edit Function…,함수 편집…
+ describe this function,+ 이 함수 설명
+ category,+ 카테고리
Function names must be valid identifiers (e.g. take_damage).,함수 이름은 유효한 식별자여야 합니다(예: take_damage).
Publish to the picker (other sheets can use it),피커에 게시(다른 시트에서 사용 가능)
"Drag this label sideways to scrub the value (Shift = fine, Ctrl = coarse).","이 라벨을 좌우로 드래그하여 값을 조절합니다 (Shift = 미세, Ctrl = 거침)."
Curate Script…,스크립트 정리…
Parameters…,매개변수…
Keep Old Name…,이전 이름 유지…
Keep the old name working,이전 이름을 계속 동작하게 하기
Add Shim,대체 함수 추가
the previous function name,이전 함수 이름
Write Annotations,주석 쓰기
Publish New Version…,새 버전 게시…
Name Raw Calls…,원시 호출 이름 지정…
Compact Rows,간결한 행
Remember Between Runs,실행 간 기억
Add Entry…,항목 추가…
Edit Entry…,항목 편집…
Remove Entry,항목 제거
Lock Verb Body (read-only),동사 본문 잠금(읽기 전용)
State,상태
is one of,다음 중 하나
or,또는
and,및
more,개 더
values,개 값
default,기본값
+ Add value…,+ 값 추가…
Runs in editor,에디터에서 실행
Remembered variables,기억된 변수
Setup lines,설정 줄
double-click to edit in code,더블 클릭하여 코드에서 편집
Host binding,호스트 바인딩
decides by state,상태에 따라 결정
states below,개 상태
decides by,에 따라 결정:
branches below,개 분기
Not,아님:
(animations),(애니메이션)
(no backups yet - they appear from the second save on),(아직 백업 없음 - 두 번째 저장부터 표시됩니다)
(no enums on this sheet),(이 시트에 열거형 없음)
(no match - keep typing),(일치 없음 - 계속 입력)
(or choose),(또는 선택)
(or type your own...),(또는 직접 입력...)
(plain),(일반)
Autoload (always-on singleton),오토로드(항상 켜진 싱글톤)
Behavior (acts on parent),비헤이비어(부모에 작용)
Behavior Component (signal-driven),비헤이비어 컴포넌트(시그널 기반)
Blank Sheet,빈 시트
Children,자식
Copy annotation stub,주석 스텁 복사
Copy registrar snippet,등록 스니펫 복사
Custom Node,커스텀 노드
Custom Resource (data + logic),커스텀 리소스(데이터+로직)
Custom Resource (data asset),커스텀 리소스(데이터 애셋)
Editor Tool,에디터 도구
Editor Tool (one-click chore),에디터 도구(원클릭 작업)
Entity System (Autoload),엔티티 시스템(오토로드)
Event Bus (Autoload),이벤트 버스(오토로드)
Event Sheet,이벤트 시트
Fast (60),빠름(60)
First-Person Controller (3D),1인칭 컨트롤러(3D)
GDScript iterable,GDScript 이터러블
Game State (Autoload),게임 상태(오토로드)
Hide this verb,이 동사 숨기기
Major - breaking changes,메이저 - 호환성 깨짐
"Minor - new verbs, nothing breaks","마이너 - 새 동사, 호환성 유지"
No actions or conditions were found on the dropped node.,드롭한 노드에서 액션이나 조건을 찾지 못했습니다.
No sheets open,열린 시트 없음
Node group,노드 그룹
"Patch - fixes, no new verbs","패치 - 수정만, 새 동사 없음"
Pin / Unpin Favorite,즐겨찾기 고정/해제
Platformer Starter,플랫포머 스타터
Recently closed,최근에 닫음
Repeat N times,N번 반복
Reset to the inferred name,유추된 이름으로 재설정
Save System (Autoload),저장 시스템(오토로드)
Slow (30),느림(30)
Third-Person Mover (3D),3인칭 무버(3D)
Top-down Starter,탑다운 스타터
While (condition),While(조건)
bow,활
keep format,형식 유지
potion,물약
sword,검
Rename this verb…,이 동사 이름 바꾸기…
Set its category…,카테고리 설정…
timeline,타임라인
steps,단계
at,시점
Add Step…,단계 추가…
Timeline,타임라인
Render Scene To Image,씬을 이미지로 렌더링
"Instantiates a scene into an off-screen viewport, lets it settle for a frame, and saves what it shows as a PNG - thumbnails, store shots, doc figures, baked sprites. Needs a windowed editor: a headless run has no renderer, so it warns and writes nothing.","씬을 화면 밖 뷰포트에 생성하고 한 프레임 동안 안정시킨 뒤 보이는 내용을 PNG로 저장합니다. 썸네일, 스토어 이미지, 문서용 그림, 구운 스프라이트에 씁니다. 창이 있는 에디터가 필요합니다. 헤드리스 실행에는 렌더러가 없으므로 경고만 하고 아무것도 쓰지 않습니다."
Preview Table Rolls,표 굴림 미리보기
"Rolls a weighted table many times and reports what actually came out: per entry the rolled percent, the percent its weight implies, and the gap between them. Pure maths - it runs anywhere, and the same seed always gives the same numbers.","가중치 표를 여러 번 굴려 실제로 무엇이 나왔는지 보고합니다. 항목마다 나온 비율, 가중치가 뜻하는 비율, 그리고 둘 사이의 차이를 보여줍니다. 순수한 계산이라 어디서나 실행되며 같은 시드면 항상 같은 숫자가 나옵니다."
On Project Export,프로젝트 내보내기 시
"Runs while a project export is starting, before the files are written - the place to stamp a build number, bake a data file, or strip debug content.",프로젝트 내보내기가 시작되어 파일이 쓰이기 전에 실행됩니다. 빌드 번호를 새기거나 데이터 파일을 굽거나 디버그 콘텐츠를 걷어내는 자리입니다.
Write Version Stamp,버전 도장 쓰기
"Writes a small build stamp file: the version string plus the date and time the stamp was written. The timestamp is read when the tool runs, so the generated code stays identical every save.",작은 빌드 도장 파일을 씁니다. 버전 문자열과 도장을 찍은 날짜와 시각을 기록합니다. 시각은 도구가 실행될 때 읽으므로 생성된 코드는 저장할 때마다 동일하게 유지됩니다.
Export Is Debug,내보내기가 디버그
True when the export that triggered this bake step is a debug build. Use it inside On Project Export to keep test content out of release builds.,이 굽기 단계를 일으킨 내보내기가 디버그 빌드일 때 참입니다. 프로젝트 내보내기 시 안에서 써서 테스트 콘텐츠를 릴리스 빌드 밖에 둡니다.
Export Has Feature,내보내기에 기능 있음
"True when the export preset that triggered this bake step carries the given feature tag - the way to bake different data for mobile, web or desktop.","이 굽기 단계를 일으킨 내보내기 프리셋이 지정한 기능 태그를 가질 때 참입니다. 모바일, 웹, 데스크톱에 서로 다른 데이터를 굽는 방법입니다."
Share Code For,공유 코드
"Turns any value into one compact line of text a player can paste anywhere - a seed, a loadout, a whole save. Read it back with Value From Share Code.","임의의 값을 플레이어가 어디에나 붙여넣을 수 있는 한 줄짜리 텍스트로 바꿉니다 - 시드, 장비 구성, 세이브 전체까지. 공유 코드의 값 으로 다시 읽습니다."
Utility: Window,유틸리티: 창
share code for [b]{value}[/b],[b]{value}[/b] 의 공유 코드
Value,값
"Anything - a run seed, a loadout list, a colour, a whole save record.","무엇이든 - 런 시드, 장비 목록, 색, 세이브 레코드 전체까지."
Copy Share Code To Clipboard,공유 코드를 클립보드에 복사
"Encodes any value as a share code and puts it straight on the operating system clipboard, ready to paste.",임의의 값을 공유 코드로 인코딩해 운영체제 클립보드에 바로 올립니다. 붙여넣기만 하면 됩니다.
copy share code for [b]{value}[/b] to clipboard,[b]{value}[/b] 의 공유 코드를 클립보드에 복사
"Anything - a run seed, a loadout list, a whole save record.","무엇이든 - 런 시드, 장비 목록, 세이브 레코드 전체까지."
Share Code Is Valid,공유 코드가 유효함
"True when the text really is a share code that decodes cleanly, so a paste box can refuse garbage before it reaches the game. Ask it when the pasted text CHANGES (a Paste button, On Text Changed) rather than every frame: a code mangled in transit can still reach the decoder, and the engine logs a line each time it is refused. A code that was made from nothing at all also reads as invalid.","텍스트가 정말 공유 코드이고 깔끔하게 디코딩될 때 참입니다. 덕분에 붙여넣기 칸이 쓰레기 값을 게임에 닿기 전에 거절할 수 있습니다. 매 프레임이 아니라 붙여넣은 텍스트가 바뀔 때 (붙여넣기 버튼, 텍스트 변경 시) 물어보세요. 전송 중 망가진 코드는 디코더까지 도달할 수 있고, 거절될 때마다 엔진이 한 줄을 기록합니다. 아무것도 없는 값으로 만든 코드도 무효로 읽힙니다."
[b]{code}[/b] is a valid share code,[b]{code}[/b] 는 유효한 공유 코드
Code,코드
The pasted text to test - usually Clipboard Text or a paste box's text.,검사할 붙여넣기 텍스트 - 보통 클립보드 텍스트 또는 붙여넣기 칸의 텍스트입니다.
Value From Share Code,공유 코드의 값
"Reads the value back out of a share code, giving nothing when the text is not a valid code.",공유 코드에서 값을 다시 읽습니다. 텍스트가 유효한 코드가 아니면 아무것도 주지 않습니다.
value from share code [b]{code}[/b],공유 코드 [b]{code}[/b] 의 값
The share code text to read - check it with Share Code Is Valid first.,읽을 공유 코드 텍스트 - 먼저 공유 코드가 유효함 으로 확인하세요.
Clipboard Has Text,클립보드에 텍스트가 있음
True when the operating system clipboard currently holds any text - gate a paste box on it.,운영체제 클립보드에 지금 텍스트가 들어 있으면 참입니다 - 붙여넣기 칸을 이 조건으로 여세요.
clipboard has text,클립보드에 텍스트가 있음
Clipboard Has Image,클립보드에 이미지가 있음
"True when the operating system clipboard currently holds an image, such as a screenshot the player just copied.",운영체제 클립보드에 지금 이미지가 들어 있으면 참입니다. 플레이어가 방금 복사한 스크린샷 같은 것입니다.
clipboard has an image,클립보드에 이미지가 있음
Clipboard Image,클립보드 이미지
The image currently on the operating system clipboard - feed it to ImageTexture.create_from_image to show it.,지금 운영체제 클립보드에 있는 이미지 - 화면에 보여주려면 ImageTexture.create_from_image 에 넘기세요.
clipboard image,클립보드 이미지
Clipboard Text Is,클립보드 텍스트가
"Compares whatever text is on the clipboard against a value, with your choice of operator.",클립보드에 있는 텍스트를 고른 연산자로 값과 비교합니다.
clipboard text {op} [b]{value}[/b],클립보드 텍스트 {op} [b]{value}[/b]
Operator,연산자
Comparison.,비교.
= (equal to),= (같음)
!= (not equal to),!= (같지 않음)
< (less than),< (보다 작음)
<= (at most),<= (이하)
> (greater than),> (보다 큼)
>= (at least),>= (이상)
Text to compare the clipboard against.,클립보드와 비교할 텍스트.
Clone Into,복제해 넣기
"Copies a live node, adds the copy to a parent, places it and optionally puts it in a group - the one-row form of Duplicate Node plus Add Child plus Set Position. Use Spawn Scene when you are starting from a .tscn file instead.","살아 있는 노드를 복사하고, 사본을 부모에 추가하고, 위치를 잡고, 원하면 그룹에도 넣습니다 - 노드 복제 + 자식 추가 + 위치 설정 을 한 줄로 만든 형태입니다. .tscn 파일에서 시작한다면 씬 생성 을 쓰세요."
Nodes,노드
"clone [i]{source}[/i] into [i]{parent}[/i] at [b]{at}[/b], group [b]{group}[/b]","[i]{source}[/i] 를 [i]{parent}[/i] 안 [b]{at}[/b] 위치에 복제, 그룹 [b]{group}[/b]"
The live node to copy.,복사할 살아 있는 노드.
Into,넣을 곳
Where the copy is added.,사본을 추가할 위치.
At,위치
World position for the copy (a Vector3 for a 3D node). Only used when the copy has a position.,사본의 월드 위치 (3D 노드라면 Vector3). 사본에 위치가 있을 때만 사용됩니다.
Optional group for the copy (blank = none).,사본에 붙일 선택적 그룹 (비우면 없음).
Remember Value As,값을 이름으로 기억
"Copies any value aside under a name, in memory, for this run - the before-value for a preview, a buff or a cutscene. For memory that survives closing the game use Remember Between Runs on the variable, or the Save System pack.","임의의 값을 이름을 붙여 메모리에 따로 보관합니다. 이번 실행 동안만 유지되며, 미리보기나 버프, 컷신의 '이전 값'으로 쓰입니다. 게임을 껐다 켜도 남는 기억이 필요하면 변수의 실행 간 기억 이나 세이브 시스템 팩을 쓰세요."
Run Context,실행 컨텍스트
remember [b]{value}[/b] as [b]{name}[/b],[b]{value}[/b] 를 [b]{name}[/b] 로 기억
Any label you also use in Restore Value Into.,값을 되돌려 넣기 에서도 같이 쓰는 아무 이름표.
The value to copy aside.,따로 보관할 값.
Restore Value Into,값을 되돌려 넣기
Pours a remembered value back into a variable. When nothing was remembered under that name the variable keeps what it already had.,기억해 둔 값을 변수에 다시 부어 넣습니다. 그 이름으로 기억한 것이 없으면 변수는 원래 값을 그대로 유지합니다.
restore [b]{name}[/b] into [b]{var_name}[/b],[b]{name}[/b] 를 [b]{var_name}[/b] 에 되돌리기
The label used in Remember Value As.,값을 이름으로 기억 에서 쓴 이름표.
Into Variable,대상 변수
Variable that receives the remembered value (left alone when nothing was remembered).,기억한 값을 받을 변수 (기억한 것이 없으면 건드리지 않습니다).
Remembered Value,기억된 값
"The value remembered under a name this run, or your fallback when there is none - read it without pouring it back.","이번 실행에서 그 이름으로 기억한 값, 없으면 지정한 대체 값 - 되돌리지 않고 읽기만 합니다."
remembered [b]{name}[/b] or [b]{fallback}[/b],기억된 [b]{name}[/b] 또는 [b]{fallback}[/b]
Or,없으면
What you get when nothing was remembered under that name.,그 이름으로 기억한 것이 없을 때 받게 되는 값.
Has Remembered,기억하고 있음
True when something was remembered under that name this run - the gate on a Cancel button that should only undo a preview it actually took.,이번 실행에서 그 이름으로 무언가를 기억했으면 참입니다 - 실제로 찍어 둔 미리보기만 되돌리는 취소 버튼의 조건입니다.
has remembered [b]{name}[/b],[b]{name}[/b] 를 기억하고 있음
Forget Remembered,기억한 값 잊기
"Drops a remembered value, so Has Remembered reads false again. Forgetting a name that was never remembered is harmless.",기억한 값을 버려서 기억하고 있음 이 다시 거짓이 됩니다. 기억한 적 없는 이름을 잊어도 아무 문제 없습니다.
forget remembered [b]{name}[/b],기억한 [b]{name}[/b] 잊기
Resources In Folder,폴더 안의 리소스
"Loads every data asset (.tres) in a folder as a list, so a folder of files becomes your content - items, enemies, levels, or a mod folder. A missing folder gives an empty list, and a file that fails to load is left out rather than arriving as nothing.","폴더 안의 모든 데이터 애셋(.tres)을 목록으로 불러옵니다. 파일이 든 폴더가 곧 콘텐츠가 됩니다 - 아이템, 적, 레벨, 모드 폴더까지. 폴더가 없으면 빈 목록이고, 불러오기에 실패한 파일은 빈 값으로 오지 않고 그냥 빠집니다."
Files,파일
resources in [b]{folder}[/b],[b]{folder}[/b] 안의 리소스
Folder,폴더
"Folder to scan (not recursive). Every .tres / .res inside it is loaded, in the folder's own order.",훑어볼 폴더 (하위 폴더는 보지 않음). 안에 있는 .tres / .res 를 폴더 자체 순서대로 모두 불러옵니다.
Resource In Folder,폴더 안의 리소스 하나
"Fetches one data asset out of a folder by its file name, or nothing at all when there is no such file - no red error.",폴더에서 파일 이름으로 데이터 애셋 하나를 가져옵니다. 그런 파일이 없으면 아무것도 주지 않습니다 - 빨간 오류도 없습니다.
resource [b]{name}[/b] in [b]{folder}[/b],[b]{folder}[/b] 안의 리소스 [b]{name}[/b]
Folder holding the data assets.,데이터 애셋이 들어 있는 폴더.
"File name WITHOUT the .tres extension - ""rusty_sword"" finds rusty_sword.tres.",".tres 확장자를 뺀 파일 이름 - ""rusty_sword"" 는 rusty_sword.tres 를 찾습니다."
Load Resource Or Default,리소스 불러오기 또는 기본값
"Loads a file and hands back your fallback when it is missing, so a deleted or mod-supplied file never crashes the game.","파일을 불러오고, 없으면 지정한 대체 값을 돌려줍니다. 삭제된 파일이나 모드가 넣은 파일 때문에 게임이 죽지 않습니다."
load [b]{path}[/b] or [i]{fallback}[/i],"[b]{path}[/b] 불러오기, 없으면 [i]{fallback}[/i]"
Path,경로
Full path to the resource or scene to load.,불러올 리소스나 씬의 전체 경로.
Fallback,대체 값
"What to use instead when the file is not there (a preloaded default, or null).",파일이 없을 때 대신 쓸 값 (미리 불러 둔 기본값 또는 null).
Count Of Resources In,리소스 개수
"How many data assets a folder holds, counted without loading any of them - zero if the folder is missing.","폴더가 가진 데이터 애셋 개수를, 하나도 불러오지 않고 셉니다 - 폴더가 없으면 0 입니다."
count of resources in [b]{folder}[/b],[b]{folder}[/b] 안의 리소스 개수
Folder to count data assets in (not recursive).,데이터 애셋을 셀 폴더 (하위 폴더 제외).
Copy Resource (Independent),리소스 복사 (독립)
"Makes a private copy of a resource, right down to the resources inside it, so writing to the copy never changes the .tres on disk or any other node holding it. Use this before a node edits its own stats.",리소스를 그 안에 든 리소스까지 포함해 개인 사본으로 만듭니다. 사본에 써도 디스크의 .tres 나 같은 리소스를 들고 있는 다른 노드가 절대 바뀌지 않습니다. 노드가 자기 스탯을 고치기 전에 쓰세요.
Helpers,도우미
independent copy of [i]{resource}[/i],[i]{resource}[/i] 의 독립 사본
Resource,리소스
The resource to copy. Anything that is not a resource (including nothing at all) gives nothing back.,복사할 리소스. 리소스가 아닌 것(아무것도 없는 경우 포함)은 아무것도 돌려주지 않습니다.
Copy Resource (Share Sub-Resources),리소스 복사 (하위 리소스 공유)
Makes a cheap copy whose own fields are separate but whose inner resources and lists are still SHARED with the original. Pick this only when you want that sharing - otherwise use Copy Resource (Independent).,자기 필드만 분리한 값싼 사본을 만듭니다. 내부 리소스와 목록은 원본과 그대로 '공유' 됩니다. 그 공유가 필요할 때만 고르세요 - 아니면 리소스 복사 (독립) 을 쓰세요.
copy of [i]{resource}[/i] (sub-resources shared),[i]{resource}[/i] 의 사본 (하위 리소스 공유)
Deep Copy,깊은 복사
"Copies the array AND every list or dictionary nested inside it, so editing the copy cannot reach back into the original. Copy Array only copies the outer level.",배열과 그 안에 중첩된 모든 목록·사전까지 복사합니다. 사본을 고쳐도 원본에 닿지 않습니다. 배열 복사 는 바깥쪽만 복사합니다.
Variables: Array,변수: 배열
deep copy of [b]{var_name}[/b],[b]{var_name}[/b] 의 깊은 복사
Array,배열
Array variable to copy right through.,끝까지 복사할 배열 변수.
"Copies the dictionary AND every list or dictionary nested inside it, so editing the copy cannot reach back into the original. Copy Dictionary only copies the outer level.",사전과 그 안에 중첩된 모든 목록·사전까지 복사합니다. 사본을 고쳐도 원본에 닿지 않습니다. 사전 복사 는 바깥쪽만 복사합니다.
Variables: Dictionary,변수: 사전
Dictionary,사전
Dictionary variable to copy right through.,끝까지 복사할 사전 변수.
Copy Values From,값 가져오기
"Pours a list of values off another object onto this one, in one row instead of one row per property. Names the target does not have are skipped, so a single preset can serve several kinds of node.",다른 오브젝트의 값 목록을 이 오브젝트로 부어 넣습니다. 속성마다 한 줄이 아니라 한 줄이면 됩니다. 대상이 갖고 있지 않은 이름은 건너뛰므로 프리셋 하나로 여러 종류의 노드를 다룰 수 있습니다.
copy [b]{names}[/b] from [i]{source}[/i] into [i]{target}[/i],[i]{source}[/i] 의 [b]{names}[/b] 를 [i]{target}[/i] 로 복사
The object being written to - it is what changes.,값이 쓰이는 대상 오브젝트 - 바뀌는 쪽입니다.
The object to read from - a node OR a resource.,값을 읽어 올 오브젝트 - 노드 또는 리소스.
Names,이름 목록
Comma-separated property names. Leave blank to copy every variable the source's script declares.,쉼표로 구분한 속성 이름들. 비워 두면 원본 스크립트가 선언한 모든 변수를 복사합니다.
Fill Blanks From,빈 칸 채우기 출처
"Writes a base's values ONLY into fields this object left empty, leaving everything you did fill in alone. That is the override chain: a base item plus a rarity variant, or a shipped table plus a mod file. Empty means nothing there: no value at all, blank text, an empty list or an empty record - a 0 and a false are real values and are kept, exactly as Is Nothing and Missing Fields read them.","베이스의 값을 이 오브젝트가 비워 둔 칸에만 씁니다. 채워 넣은 것은 그대로 둡니다. 그것이 덮어쓰기 사슬입니다 - 기본 아이템 + 희귀도 변형, 기본 제공 표 + 모드 파일. 비었다는 것은 아무것도 없다는 뜻입니다: 값 없음, 빈 텍스트, 빈 목록, 빈 레코드. 0 과 false 는 진짜 값이라 그대로 남습니다 - 아무것도 아님 과 빠진 항목 이 읽는 방식과 같습니다."
fill blanks in [i]{target}[/i] from [i]{base}[/i],[i]{base}[/i] 로 [i]{target}[/i] 의 빈 칸 채우기
Fill,채울 대상
The one being completed - it is what changes.,채워지는 쪽 - 바뀌는 쪽입니다.
Where the missing values come from.,빠진 값을 가져올 곳.
Apply Preset To Node,프리셋을 노드에 적용
"Pours a data asset's fields onto the same-named properties of a node, so difficulty tiers, weapon tunings and boss phases become a data edit instead of a wall of rows.","데이터 애셋의 필드를 같은 이름의 노드 속성에 부어 넣습니다. 난이도 단계, 무기 수치, 보스 페이즈가 줄 더미가 아니라 데이터 수정이 됩니다."
apply preset [b]{preset}[/b] to [i]{target}[/i],프리셋 [b]{preset}[/b] 을 [i]{target}[/i] 에 적용
Preset,프리셋
The data asset to pour on (a .tres you filled in the Inspector). Nothing happens if it is empty.,부어 넣을 데이터 애셋 (인스펙터에서 채운 .tres). 비어 있으면 아무 일도 일어나지 않습니다.
The node to apply it to.,적용할 노드.
Matches Properties Of,속성이 일치함
"True while the listed properties hold the same values on both objects - the cheap 'is this ghost still in sync' or 'has anything changed' check. A name neither object has reads as NOT matching, so a typo shows up instead of quietly passing, and either side being gone reads as not matching too.","나열한 속성이 두 오브젝트에서 같은 값을 가지는 동안 참입니다 - '이 고스트가 아직 동기화돼 있나', '뭔가 바뀌었나' 를 싸게 확인하는 조건입니다. 어느 쪽도 갖고 있지 않은 이름은 '일치하지 않음' 으로 읽히므로 오타가 조용히 통과하지 않고 드러납니다. 한쪽이 사라진 경우도 일치하지 않음입니다."
[i]{target}[/i] matches [b]{names}[/b] of [i]{other}[/i],[i]{target}[/i] 가 [i]{other}[/i] 의 [b]{names}[/b] 와 일치
Object,오브젝트
The object to test.,검사할 오브젝트.
"Comma-separated property names to compare. A blank list has nothing to compare, so it is true.",비교할 속성 이름을 쉼표로 구분해 적습니다. 빈 목록은 비교할 것이 없으므로 참입니다.
Of,비교 대상
The object to compare against.,비교 상대가 될 오브젝트.
Data Is Older Than Version,데이터가 지정 버전보다 오래됨
"True when a loaded record was written by an older build than this one - the gate a migration sits under. A record with NO version field counts as 0, so the very first format upgrades too, and so does one whose version field is empty or is not a number at all.","불러온 레코드가 지금 빌드보다 오래된 빌드에서 쓰였을 때 참입니다 - 마이그레이션을 놓는 조건입니다. 버전 필드가 '없는' 레코드는 0 으로 세므로 최초 형식도 함께 갱신되고, 버전 필드가 비었거나 숫자가 아닌 경우도 마찬가지입니다."
[b]{record}[/b] is older than version [b]{version}[/b],[b]{record}[/b] 는 버전 [b]{version}[/b] 보다 오래됨
Record,레코드
"The parsed record (a save file, a payload, a manifest).","이미 파싱된 레코드 (세이브 파일, 페이로드, 매니페스트)."
Field,필드
Which field holds the version number.,버전 번호가 들어 있는 필드.
Version,버전
The version this build writes.,이 빌드가 기록하는 버전.
Rename Field,필드 이름 바꾸기
"Moves a value to its new field name, and does nothing at all when the old name is not there - so a migration is safe to run twice.",값을 새 필드 이름으로 옮깁니다. 옛 이름이 없으면 아무 일도 하지 않으므로 마이그레이션을 두 번 돌려도 안전합니다.
rename [b]{from_field}[/b] to [b]{to_field}[/b] in [i]{record}[/i],[i]{record}[/i] 에서 [b]{from_field}[/b] 를 [b]{to_field}[/b] 로 변경
"The record to migrate, edited in place.",마이그레이션할 레코드. 제자리에서 수정됩니다.
The old field name.,옛 필드 이름.
The new field name (overwritten if it is already there).,새 필드 이름 (이미 있으면 덮어씁니다).
Stamp Data Version,데이터 버전 찍기
"Writes the current format number onto a record, so the next load knows it has already been migrated. Data Is Older Than Version reads it back, and reads it as 0 when it is missing or is not a number.","현재 형식 번호를 레코드에 기록해, 다음 불러오기에서 이미 마이그레이션되었음을 알 수 있게 합니다. 데이터가 지정 버전보다 오래됨 이 이를 다시 읽고, 값이 없거나 숫자가 아니면 0 으로 읽습니다."
stamp [i]{record}[/i] as version [b]{version}[/b],[i]{record}[/i] 에 버전 [b]{version}[/b] 찍기
The record to stamp.,버전을 찍을 레코드.
The version this build writes - a whole number.,이 빌드가 기록하는 버전 - 정수입니다.
Table From File,파일에서 표 읽기
"Reads a .csv whose FIRST line is the column names and gives you one record per row, each field reachable by column name - row[""price""]. Quoted cells may contain the separator, Windows line endings are fine, and a missing file simply gives no rows. Store it in an Array variable, then walk it with a For Each pick filter.","첫 줄이 열 이름인 .csv 를 읽어 한 행마다 레코드 하나를 줍니다. 각 필드는 열 이름으로 꺼냅니다 - row[""price""]. 따옴표로 감싼 칸에는 구분자가 들어가도 되고, 윈도우 줄바꿈도 괜찮으며, 파일이 없으면 그냥 행이 없습니다. 결과를 배열 변수에 담고 For Each 픽 필터로 훑으세요."
Files: Tables,파일: 표
rows of [b]{path}[/b],[b]{path}[/b] 의 행
File,파일
The .csv to read. Its FIRST line must be the column names.,읽을 .csv. 첫 줄이 반드시 열 이름이어야 합니다.
Separator,구분자
What separates the columns in that file.,그 파일에서 열을 나누는 문자.
Comma,쉼표
Semicolon,세미콜론
Tab,탭
Table From Text,텍스트에서 표 읽기
"The same column-names-first parse as Table From File, but over text you already hold instead of a file on disk.","파일에서 표 읽기 와 같은 '첫 줄이 열 이름' 해석을, 디스크의 파일이 아니라 이미 갖고 있는 텍스트에 대해 수행합니다."
rows in [b]{text}[/b],[b]{text}[/b] 안의 행
"Spreadsheet text you already have - a pasted blob, a downloaded body, a file you read earlier. FIRST line = the column names.","이미 갖고 있는 스프레드시트 텍스트 - 붙여넣은 덩어리, 내려받은 본문, 앞서 읽은 파일 등. 첫 줄 = 열 이름."
Column Of Table,표의 열
"Gives one whole column as a list, in row order - handy for a dropdown's items, a weights list, or a quick sum. A row missing that column contributes empty text.","한 열 전체를 행 순서대로 목록으로 줍니다 - 드롭다운 항목, 가중치 목록, 빠른 합계에 편합니다. 그 열이 없는 행은 빈 텍스트를 냅니다."
column [b]{column}[/b] of [b]{table}[/b],[b]{table}[/b] 의 열 [b]{column}[/b]
Table,표
The rows-of-records variable a Table From File (or Table From Text) expression filled.,"파일에서 표 읽기 (또는 텍스트에서 표 읽기) 식이 채운, 레코드 행들이 담긴 변수."
Column,열
"The column name to read, exactly as it is spelled in the header row.",읽을 열 이름. 머리글 행과 철자가 정확히 같아야 합니다.
Row Where,조건에 맞는 행
"Finds the FIRST record whose column holds this value - the single-item lookup, e.g. the row for item ""sword"". Gives an empty record when nothing matches, so check it with Dictionary Is Empty before reading fields.","해당 열이 이 값을 가진 ""첫"" 레코드를 찾습니다 - 단일 항목 조회, 예를 들어 아이템 ""sword"" 의 행입니다. 맞는 것이 없으면 빈 레코드를 주므로 필드를 읽기 전에 사전이 비어 있음 으로 확인하세요."
row of [b]{table}[/b] where [b]{column}[/b] is [b]{value}[/b],[b]{table}[/b] 에서 [b]{column}[/b] 가 [b]{value}[/b] 인 행
"The column to match on, exactly as it is spelled in the header row.",대조에 쓸 열. 머리글 행과 철자가 정확히 같아야 합니다.
Is,가 다음과 같음
"The value to look for. Compared as text, so 25 and ""25"" both match a cell reading 25.","찾을 값. 텍스트로 비교하므로 25 와 ""25"" 둘 다 25 라고 적힌 칸에 맞습니다."
For Each Line In Text,텍스트의 각 줄마다
"Runs this event's actions once per LINE of the text, skipping blank ones. Windows (CRLF) and old-Mac (CR) endings are handled, so no line arrives with a stray carriage return. Read the current one as `line`.",텍스트의 한 줄마다 이 이벤트의 액션을 한 번씩 실행합니다. 빈 줄은 건너뜁니다. 윈도우(CRLF)와 옛 맥(CR) 줄바꿈을 모두 처리하므로 캐리지 리턴이 남은 줄은 오지 않습니다. 현재 줄은 `line` 으로 읽습니다.
Loops,반복
for each line in [b]{text}[/b],[b]{text}[/b] 의 각 줄마다
"The text to walk line by line - a file you read, a pasted blob, a leaderboard body.","한 줄씩 훑어갈 텍스트 - 읽어 온 파일, 붙여넣은 덩어리, 순위표 본문 등."
For Each Part In Text,텍스트의 각 조각마다
"Runs this event's actions once per PIECE of the text. Each piece arrives with its surrounding spaces trimmed, and empty pieces are skipped, so ""sword; shield;; bow"" is three parts. Read the current one as `part`.","텍스트의 조각마다 이 이벤트의 액션을 한 번씩 실행합니다. 각 조각은 앞뒤 공백이 잘린 채 오고 빈 조각은 건너뛰므로 ""sword; shield;; bow"" 는 세 조각입니다. 현재 조각은 `part` 로 읽습니다."
for each part of [b]{text}[/b] split by [b]{separator}[/b],[b]{separator}[/b] 로 나눈 [b]{text}[/b] 의 각 조각마다
"The text to break up - a tag list, a chat command's arguments, one cell of a spreadsheet.","쪼갤 텍스트 - 태그 목록, 채팅 명령의 인자, 스프레드시트의 한 칸 등."
Split by,구분 기준
"What separates the pieces, e.g. "","" or "";"" or "" "".","조각을 나누는 문자. 예를 들어 "","" 나 "";"" 나 "" "" 입니다."
For Each Resource In Folder,폴더 안의 각 리소스마다
"Runs this event's actions once per data asset (.tres / .res) in a folder, already loaded - the ""a folder of items IS my item list"" setup, with no list to maintain. A folder that is not there walks nothing (quietly - it is checked first, so a loop that runs every frame cannot spam errors), and anything that fails to load is skipped rather than arriving as null. Read the current one as `entry`.","폴더 안의 데이터 애셋(.tres / .res)마다 이미 불러온 상태로 이 이벤트의 액션을 한 번씩 실행합니다 - ""아이템 폴더가 곧 아이템 목록"" 방식이라 따로 관리할 목록이 없습니다. 폴더가 없으면 아무것도 돌지 않습니다(조용히 - 먼저 확인하므로 매 프레임 도는 반복도 오류를 쏟아내지 않습니다). 불러오기에 실패한 것은 null 로 오지 않고 건너뜁니다. 현재 것은 `entry` 로 읽습니다."
for each resource in [b]{folder}[/b],[b]{folder}[/b] 안의 각 리소스마다
Folder of data assets to walk. Only .tres / .res files are loaded; anything else in there is ignored.,훑어갈 데이터 애셋 폴더. .tres / .res 파일만 불러오고 나머지는 무시합니다.
Text Before,앞쪽 텍스트
"The part of the text before the first marker: Text Before(""Ada [angry]: hi"", "" ["") is ""Ada"". When the marker is not there you get the whole text back, so nothing is silently lost.","첫 표시자 앞부분: 앞쪽 텍스트(""Ada [angry]: hi"", "" ["") 는 ""Ada"" 입니다. 표시자가 없으면 텍스트 전체가 돌아오므로 조용히 사라지는 것은 없습니다."
the part of {text} before {marker},{text} 중 {marker} 앞부분
The line to read a piece out of.,일부를 뽑아낼 원본 줄.
Before,앞
The marker to stop at (the first one wins).,여기서 멈출 표시자 (처음 것이 우선).
Text After,뒤쪽 텍스트
"Everything after the first marker: Text After(""Ada [angry]: hi"", ""]: "") is ""hi"". Empty when the marker is not there, because then there is no ""after"".","첫 표시자 뒤의 모든 것: 뒤쪽 텍스트(""Ada [angry]: hi"", ""]: "") 는 ""hi"" 입니다. 표시자가 없으면 ""뒤"" 라는 것이 없으므로 빈 값입니다."
the part of {text} after {marker},{text} 중 {marker} 뒷부분
After,뒤
The marker to start after (the first one wins).,그 뒤부터 시작할 표시자 (처음 것이 우선).
Text Between,사이 텍스트
"The part between two markers: Text Between(""Ada [angry]: hi"", ""["", ""]"") is ""angry"". Empty when the opening marker is missing, and the rest of the text when the closing one is.","두 표시자 사이의 부분: 사이 텍스트(""Ada [angry]: hi"", ""["", ""]"") 는 ""angry"" 입니다. 여는 표시자가 없으면 빈 값이고, 닫는 표시자가 없으면 나머지 텍스트 전부입니다."
the part of {text} between {open} and {close},{text} 중 {open} 와 {close} 사이
The opening marker.,여는 표시자.
The closing marker.,닫는 표시자.
Number In Text,텍스트 속 숫자
"The first number found anywhere in the text, whole or decimal: ""Chapter 3"" gives 3, ""v1.25-beta"" gives 1.25. You get 0 when there is no number at all, and you never write a pattern.","텍스트 어딘가에서 처음 찾은 숫자 (정수든 소수든): ""Chapter 3"" 은 3, ""v1.25-beta"" 는 1.25 입니다. 숫자가 하나도 없으면 0 이 나오고, 패턴을 쓸 일은 전혀 없습니다."
the first number in {text},{text} 속 첫 숫자
Text that has a number somewhere in it.,어딘가에 숫자가 들어 있는 텍스트.
Split Keeping Quotes,따옴표를 지키며 나누기
"Splits text on a separator but keeps anything inside ""double quotes"" together as one piece, and drops the quotes: give ""iron sword"" 2 is three pieces, not four. Empty pieces are skipped, so runs of separators never produce blanks.","구분자로 나누되 ""큰따옴표"" 안의 내용은 한 조각으로 묶어 두고 따옴표는 떼어냅니다: give ""iron sword"" 2 는 네 조각이 아니라 세 조각입니다. 빈 조각은 건너뛰므로 구분자가 연달아 나와도 빈 칸이 생기지 않습니다."
"pieces of {text}, keeping quotes together",{text} 의 조각들 (따옴표 안은 한 덩어리)
"The line to split - a console entry, a search box, a pasted cell.","나눌 줄 - 콘솔 입력, 검색창, 붙여넣은 칸 등."
What separates the pieces OUTSIDE quotes.,따옴표 '바깥' 에서 조각을 나누는 문자.
Explain JSON Problem,JSON 문제 설명
"Why this JSON failed to parse, with the line: ""line 4: Expected ':'"". Empty when it parses fine, so an empty result IS the all-clear. Log it and the bug report writes itself. Branch on this verb's own emptiness (Text Is Blank, inverted) rather than on JSON Is Valid: that condition reads a file holding just the word null as invalid, and this one has nothing to say about it, so pairing them logs an error with a blank reason.","이 JSON 이 왜 파싱에 실패했는지 줄 번호와 함께 알려 줍니다: ""line 4: Expected ':'"". 잘 파싱되면 빈 값이므로, 빈 결과가 곧 ""이상 없음"" 입니다. 로그로 남기면 버그 리포트가 저절로 써집니다. 분기는 JSON 이 유효함 이 아니라 이 동사 자신의 빈 여부(텍스트가 비어 있음 의 반대)로 하세요. 그 조건은 null 이라는 단어만 든 파일을 무효로 읽지만 이 동사는 그것에 대해 할 말이 없어서, 둘을 짝지으면 이유가 빈 오류가 기록됩니다."
JSON,JSON
why {text} is not valid JSON,{text} 가 유효한 JSON 이 아닌 이유
"The JSON text to check - a file you read, a paste, a server reply.","검사할 JSON 텍스트 - 읽어 온 파일, 붙여넣기, 서버 응답 등."
Explain Table Problem,표 문제 설명
"The first cell of a table that should be a number and is not, said out loud: ""row 12, column ""price"": ""abc"" is not a number"". Rows are counted from 1 over the rows you hold - Table From File has already used up the header line, so row 12 is line 13 of the file. A row that is not a record at all is reported too. Empty when every listed column checks out.","숫자여야 하는데 아닌, 표의 첫 번째 칸을 문장으로 말해 줍니다: ""row 12, column ""price"": ""abc"" is not a number"". 행 번호는 손에 든 행들을 1 부터 셉니다 - 파일에서 표 읽기 가 머리글 줄을 이미 썼으므로 row 12 는 파일의 13 번째 줄입니다. 아예 레코드가 아닌 행도 보고합니다. 나열한 열이 모두 멀쩡하면 빈 값입니다."
what is wrong in {records},{records} 에서 무엇이 잘못됐는지
Rows,행
"A list of records - one per row, each field reachable by column name.","레코드 목록 - 한 행에 하나씩, 각 필드는 열 이름으로 꺼냅니다."
Number columns,숫자 열
The columns that must hold numbers.,숫자가 들어 있어야 하는 열들.
Missing Fields,빠진 항목
"The listed fields that are missing or left blank, comma-separated, and empty when the record is complete. Blank means nothing there: null, empty text, an empty list or an empty record - a 0 is a real value and is never reported.","나열한 항목 중 없거나 비어 있는 것들을 쉼표로 이어 줍니다. 레코드가 완전하면 빈 값입니다. 비었다는 것은 아무것도 없다는 뜻입니다: null, 빈 텍스트, 빈 목록, 빈 레코드. 0 은 진짜 값이라 절대 보고되지 않습니다."
the fields missing from {record},{record} 에서 빠진 항목
A record or a resource to check.,검사할 레코드 또는 리소스.
Fields,항목
"The fields it must have filled in, separated by commas.",반드시 채워져 있어야 하는 항목들을 쉼표로 구분해 적습니다.
Shorten To Fit,맞게 줄이기
"Trims text to a maximum number of characters and marks the cut with the ending you choose, so a clipped name never reads as the whole name. Text that already fits comes back untouched, and the result never runs past the width you gave - a width too narrow to hold the ending simply cuts without one. Cuts mid-word: use Shorten To Whole Words when the cut should land on a word boundary.","텍스트를 최대 글자 수까지 잘라내고, 고른 끝맺음 기호로 잘렸음을 표시합니다. 그래서 잘린 이름이 온전한 이름처럼 보이는 일이 없습니다. 이미 들어가는 텍스트는 그대로 돌아오고, 결과가 지정한 폭을 넘는 일은 없습니다 - 끝맺음 기호조차 못 넣을 만큼 좁으면 기호 없이 자릅니다. 단어 중간에서 자르므로, 단어 경계에서 자르고 싶으면 단어 단위로 줄이기 를 쓰세요."
shorten [b]{text}[/b] to [b]{max_chars}[/b] characters,[b]{text}[/b] 를 [b]{max_chars}[/b] 글자로 줄이기
The text that has to fit.,안에 들어가야 하는 텍스트.
Max characters,최대 글자 수
"The widest the result may get, in characters, counting the ending below.",결과가 가질 수 있는 최대 폭(글자 수). 아래의 끝맺음 기호도 포함해 셉니다.
Ending,끝맺음
"What marks the cut, e.g. ""..."" or a single ellipsis character. Its own length is taken out of the budget.","잘렸음을 표시하는 것. 예를 들어 ""..."" 또는 말줄임표 한 글자입니다. 그 길이만큼 예산에서 빠집니다."
Shorten To Whole Words,단어 단위로 줄이기
"Like Shorten To Fit, but backs up to the last complete word before cutting, so ""Ancient Sword of Thorns"" reads ""Ancient Sword..."" instead of ""Ancient Sword of Th"". When the budget holds no whole word (one very long word) it falls back to cutting by characters, and when it is too narrow to hold the ending at all it cuts without one - so the result is never just the ending, and never wider than you asked for.","맞게 줄이기 와 같지만, 자르기 전에 마지막 완전한 단어까지 되돌아갑니다. 그래서 ""Ancient Sword of Thorns"" 는 ""Ancient Sword of Th"" 가 아니라 ""Ancient Sword..."" 로 읽힙니다. 예산 안에 완전한 단어가 하나도 없으면(아주 긴 단어 하나 같은 경우) 글자 단위 자르기로 물러나고, 끝맺음 기호조차 못 넣을 만큼 좁으면 기호 없이 자릅니다 - 그래서 결과가 끝맺음 기호만 남거나 요청한 폭보다 넓어지는 일이 없습니다."
shorten [b]{text}[/b] to whole words within [b]{max_chars}[/b],[b]{text}[/b] 를 [b]{max_chars}[/b] 안에서 단어 단위로 줄이기
With Thousands Separators,천 단위 구분 기호 포함
"Turns a number into grouped digits a player can take in at a glance: 1234567 reads ""1,234,567"". Whole numbers only (the fraction is dropped); a negative keeps its minus sign. For idle-game scale (1.23e15, ""1.23 Qa"") reach for the Big Numbers pack instead.","숫자를 플레이어가 한눈에 파악할 수 있는 자릿수 구분 표기로 바꿉니다: 1234567 은 ""1,234,567"" 로 읽힙니다. 정수만 다루며(소수부는 버립니다), 음수는 마이너스 기호를 유지합니다. 방치형 규모(1.23e15, ""1.23 Qa"")에는 큰 수 팩을 쓰세요."
[b]{value}[/b] with thousands separators,천 단위 구분 기호를 넣은 [b]{value}[/b]
The number to make readable. Anything after the decimal point is dropped.,읽기 좋게 만들 숫자. 소수점 아래는 버립니다.
As Percent Text,퍼센트 텍스트로
"Turns a fraction into percent TEXT with the sign on it: 0.73 reads ""73%"". Feed it a 0-to-1 value (Percent Of already returns 0-to-100, so divide that by 100 or use the raw fraction).","비율을 퍼센트 기호가 붙은 ""텍스트"" 로 만듭니다: 0.73 은 ""73%"" 로 읽힙니다. 0 에서 1 사이 값을 주세요 (퍼센트 는 이미 0 에서 100 을 돌려주므로 100 으로 나누거나 원래 비율을 쓰세요)."
[b]{value}[/b] as a percent,[b]{value}[/b] 를 퍼센트로
Fraction,비율
"A fraction where 1.0 means full, e.g. health / max_health.",1.0 이 가득 참을 뜻하는 비율. 예를 들어 health / max_health.
Decimals,소수 자릿수
Digits after the decimal point. 0 gives a whole percent.,소수점 아래 자릿수. 0 이면 정수 퍼센트가 됩니다.
As Duration,지속 시간으로
"Seconds as a duration that survives passing an hour: 3725 reads ""1h 02m"" and 90 reads ""1m 30s"". A negative duration reads as zero. Use As Clock Time when you want strict mm:ss (it rolls an hour into ""60:00"").","한 시간을 넘겨도 무너지지 않는 지속 시간 표기: 3725 는 ""1h 02m"", 90 은 ""1m 30s"" 로 읽힙니다. 음수 길이는 0 으로 읽힙니다. 엄격한 mm:ss 가 필요하면 시계 표기 를 쓰세요 (거기서는 한 시간이 ""60:00"" 이 됩니다)."
[b]{seconds}[/b] as a duration,[b]{seconds}[/b] 를 지속 시간으로
Seconds,초
A duration in seconds.,초 단위 길이.
Align Left,왼쪽 정렬
"Pads text out on the RIGHT to a fixed width, so every row starts on the same edge and reads as a column. Text longer than the width is left alone (it is never cut - shorten it first). Give the Label a MONOSPACE theme font or the column will still drift.",텍스트의 '오른쪽' 을 채워 고정 폭으로 만듭니다. 모든 행이 같은 가장자리에서 시작해 하나의 열처럼 읽힙니다. 폭보다 긴 텍스트는 그대로 둡니다(자르지 않습니다 - 먼저 줄이세요). Label 의 테마 글꼴을 고정폭으로 하지 않으면 열은 여전히 어긋납니다.
[b]{text}[/b] aligned left in [b]{width}[/b],[b]{width}[/b] 폭에서 왼쪽 정렬한 [b]{text}[/b]
The text to pad out.,채워서 넓힐 텍스트.
Width,폭
Column width in characters. Shorter text is padded; longer text is left as it is.,"열 폭(글자 수). 짧은 텍스트는 채워지고, 긴 텍스트는 그대로 둡니다."
Fill with,채울 문자
"What fills the gap: a space, or ""."" for a dotted leader. One character.","빈 자리를 채울 문자: 공백, 또는 점선을 만들려면 ""."" 입니다. 한 글자."
Align Right,오른쪽 정렬
"Pads text out on the LEFT to a fixed width, so numbers END on the same edge and read as a column of figures. Text longer than the width is left alone. Give the Label a MONOSPACE theme font or the column will still drift.",텍스트의 '왼쪽' 을 채워 고정 폭으로 만듭니다. 숫자가 같은 가장자리에서 '끝나' 숫자 열처럼 읽힙니다. 폭보다 긴 텍스트는 그대로 둡니다. Label 의 테마 글꼴을 고정폭으로 하지 않으면 열은 여전히 어긋납니다.
[b]{text}[/b] aligned right in [b]{width}[/b],[b]{width}[/b] 폭에서 오른쪽 정렬한 [b]{text}[/b]
The text to pad out - str() a number first.,채워서 넓힐 텍스트 - 숫자는 먼저 str() 로 감싸세요.
Center In Width,폭 안에서 가운데 정렬
"Pads text on BOTH sides to a fixed width, so a heading sits in the middle of a column. An odd leftover space goes on the right. Text longer than the width is left alone. Give the Label a MONOSPACE theme font or the centering will still drift.",텍스트의 '양쪽' 을 채워 고정 폭으로 만듭니다. 제목이 열 가운데에 놓입니다. 홀수로 남는 칸은 오른쪽으로 갑니다. 폭보다 긴 텍스트는 그대로 둡니다. Label 의 테마 글꼴을 고정폭으로 하지 않으면 가운데 정렬은 여전히 어긋납니다.
[b]{text}[/b] centered in [b]{width}[/b],[b]{width}[/b] 폭 가운데에 놓은 [b]{text}[/b]
The text to center.,가운데에 놓을 텍스트.
As Title Text,제목용 텍스트로
"Turns a machine id into a readable name: ""fire_sword"" reads ""Fire Sword"", ""maxHealth"" reads ""Max Health"". Use it wherever a key has to be shown to a player, so ids and labels never drift apart in two places.","기계용 id 를 사람이 읽을 이름으로 바꿉니다: ""fire_sword"" 는 ""Fire Sword"", ""maxHealth"" 는 ""Max Health"" 로 읽힙니다. 키를 플레이어에게 보여줘야 하는 곳마다 쓰면 id 와 표시 이름이 두 군데에서 어긋나는 일이 없습니다."
[b]{text}[/b] as title text,제목용으로 만든 [b]{text}[/b]
"An id or key, e.g. fire_sword or maxHealth.",id 나 키. 예를 들어 fire_sword 나 maxHealth.
As Sentence Text,문장용 텍스트로
"Raises the FIRST letter only and leaves the rest of the text exactly as it is, so ""NPC"" and ""HP"" keep their capitals. Empty text stays empty.","""첫 글자만"" 대문자로 올리고 나머지는 그대로 둡니다. 그래서 ""NPC"" 와 ""HP"" 는 대문자를 유지합니다. 빈 텍스트는 빈 채로 남습니다."
[b]{text}[/b] as sentence text,문장용으로 만든 [b]{text}[/b]
A sentence that needs its first letter raised.,첫 글자를 대문자로 올려야 하는 문장.
Translated Text From Pattern,패턴에서 만든 번역 텍스트
"Looks the whole sentence up in the current language FIRST, then fills its {slots}. The pattern you type here - slots and all - is the translation key, so it is what goes in the catalog. Filling the slots first (Translate around Text From Pattern) produces a string no catalog can contain, and the text then never translates.","먼저 문장 전체를 현재 언어로 '찾은' 다음 그 {slots} 를 채웁니다. 여기 적은 패턴이 슬롯까지 포함해 그대로 번역 키이므로, 카탈로그에 넣는 것도 이것입니다. 슬롯을 먼저 채우면(패턴에서 텍스트 를 번역 으로 감싸는 방식) 어떤 카탈로그에도 존재할 수 없는 문자열이 만들어지고, 그 텍스트는 영영 번역되지 않습니다."
Translation,번역
translated text from [b]{pattern}[/b],[b]{pattern}[/b] 에서 만든 번역 텍스트
Pattern,패턴
"The source sentence, with {name} slots. This exact string, slots and all, is the translation key that goes in the catalog.","원본 문장. {name} 슬롯을 포함합니다. 이 문자열 그대로가, 슬롯까지 포함해 카탈로그에 들어갈 번역 키입니다."
Values,값들
"What fills the slots: {""name"": value, ...} - e.g. {""coins"": coins}.","슬롯을 채울 값: {""name"": value, ...} - 예를 들어 {""coins"": coins}."
Set Text (translated pattern),텍스트 설정 (번역 패턴)
Sets this Label's text from a pattern that is translated FIRST and filled second. The pattern - slots and all - is the translation key. Re-run it under On Language Changed so the label follows a live language switch.,이 Label 의 텍스트를 먼저 번역한 뒤 채우는 패턴으로 설정합니다. 패턴은 슬롯까지 포함해 그대로 번역 키입니다. 언어가 바뀌었을 때 아래에서 다시 실행하면 실행 중 언어 전환을 라벨이 따라갑니다.
set text to translated [b]{pattern}[/b],텍스트를 번역한 [b]{pattern}[/b] 로 설정
Text Is A Number,텍스트가 숫자임
"True when this text would convert to a number cleanly. Ask it BEFORE converting, so a typo can never arrive as a silent 0 and the sheet bet nothing. Spaces around the number are ignored; empty text is not a number.","이 텍스트가 깔끔하게 숫자로 변환될 수 있으면 참입니다. 변환하기 '전에' 물어보세요. 그래야 오타가 조용히 0 으로 도착해 시트가 아무것도 걸지 않는 일이 없습니다. 숫자 앞뒤 공백은 무시하며, 빈 텍스트는 숫자가 아닙니다."
Compare: Text,비교: 텍스트
{text} is a number,{text} 가 숫자
"Text to test - a typed-in field, a value read back out of a save, a CSV or JSON cell.","검사할 텍스트 - 직접 입력한 칸, 세이브에서 다시 읽은 값, CSV 나 JSON 의 한 칸 등."
Text Is A Whole Number,텍스트가 정수임
"True when this text would convert to a WHOLE number cleanly - a count, a level, a slot index. ""12"" passes and ""12.5"" does not, which is the only difference from Text Is A Number.","이 텍스트가 깔끔하게 ""정수"" 로 변환될 수 있으면 참입니다 - 개수, 레벨, 슬롯 번호 등. ""12"" 는 통과하고 ""12.5"" 는 통과하지 못합니다. 텍스트가 숫자임 과의 차이는 그것뿐입니다."
{text} is a whole number,{text} 가 정수
"Text to test - a count, a level number, a save slot, a seed.","검사할 텍스트 - 개수, 레벨 번호, 세이브 슬롯, 시드 등."
Contains Any Of,다음 중 하나를 포함
"True when the text contains at least ONE of the listed pieces - a chat filter, a keyword-triggered line, a tag-gated card. Unlike Text Is One Of, which needs the WHOLE text to equal an entry, this looks INSIDE the text. Matching is case-sensitive, and an empty list is never a match.","나열한 조각 중 '적어도 하나' 를 텍스트가 포함하면 참입니다 - 채팅 필터, 키워드로 뜨는 대사, 태그로 열리는 카드 등. 텍스트 '전체' 가 항목과 같아야 하는 텍스트가 다음 중 하나임 과 달리, 이쪽은 텍스트 '안' 을 봅니다. 대소문자를 구분하며, 빈 목록은 절대 일치하지 않습니다."
{text} contains any of {options},{text} 가 {options} 중 하나를 포함
Text to search.,검색할 텍스트.
Any Of,다음 중 하나
"List of pieces to look for - written here, or a sheet variable someone can edit without touching this row.","찾을 조각들의 목록 - 여기에 바로 적어도 되고, 이 행을 건드리지 않고도 누군가 고칠 수 있는 시트 변수로 둬도 됩니다."
Contains All Of,다음을 모두 포함
"True only when the text contains EVERY listed piece - a combo whose rule text names two keywords, a search box where all the words must match. An empty list counts as true, because nothing is missing.","나열한 조각을 '전부' 포함할 때만 참입니다 - 규칙 문구에 키워드 두 개가 적힌 콤보, 모든 단어가 맞아야 하는 검색창 등. 빈 목록은 빠진 것이 없으므로 참으로 칩니다."
{text} contains all of {options},{text} 가 {options} 를 모두 포함
All Of,다음 모두
List of pieces that must ALL appear.,모두 나타나야 하는 조각들의 목록.
Contains None Of,다음 중 아무것도 포함하지 않음
"True when the text contains none of the listed pieces - the accept-this-name branch, written as the thing you want to act on instead of an Else. An empty list always passes.","나열한 조각을 하나도 포함하지 않을 때 참입니다 - '이 이름을 받아들인다' 는 분기를, Else 가 아니라 실제로 처리하고 싶은 쪽으로 쓸 수 있습니다. 빈 목록은 항상 통과합니다."
{text} contains none of {options},{text} 가 {options} 중 아무것도 포함하지 않음
None Of,다음 중 아무것도
List of pieces that must NOT appear.,나타나면 안 되는 조각들의 목록.
Number From Text,텍스트에서 숫자
"Reads a number out of text, or hands back the fallback YOU chose - never a surprise zero. Pair it with Text Is A Number when the two cases need different rows. The text is read twice in the emitted line, so keep it a plain read and not something that changes the game.","텍스트에서 숫자를 읽습니다. 못 읽으면 '당신이 고른' 대체 값을 돌려주며, 예상 밖의 0 이 나오지 않습니다. 두 경우에 각각 다른 행이 필요하면 텍스트가 숫자임 과 짝지으세요. 생성된 줄에서 텍스트를 두 번 읽으므로, 게임 상태를 바꾸는 것이 아니라 단순한 읽기로 두세요."
Variables: String,변수: 문자열
number from {text} (or {fallback}),{text} 에서 얻은 숫자 (없으면 {fallback})
Text to read a number out of.,숫자를 읽어 낼 텍스트.
What you get back when the text is not a number.,텍스트가 숫자가 아닐 때 받게 되는 값.
Whole Number From Text,텍스트에서 정수
"Reads a whole number out of text, or hands back your fallback. ""12.5"" is not a whole number, so it lands on the fallback rather than quietly becoming 12 - when you want that rounding, use Number From Text and round the result yourself.","텍스트에서 정수를 읽습니다. 못 읽으면 지정한 대체 값을 돌려줍니다. ""12.5"" 는 정수가 아니므로 조용히 12 가 되지 않고 대체 값으로 갑니다 - 그 반올림이 필요하면 텍스트에서 숫자 를 쓰고 결과를 직접 반올림하세요."
whole number from {text} (or {fallback}),{text} 에서 얻은 정수 (없으면 {fallback})
Text to read a whole number out of.,정수를 읽어 낼 텍스트.
What you get back when the text is not a whole number.,텍스트가 정수가 아닐 때 받게 되는 값.
Is Nothing,아무것도 아님
"True when there is nothing there: no value at all, empty text, an empty list (including an empty Split Text result), or an empty record - one row whatever the value turns out to be. A 0 is NOT nothing, because a score of zero is a real value, and neither is text made only of spaces (that is Text Is Blank).","거기에 아무것도 없을 때 참입니다: 값 자체가 없음, 빈 텍스트, 빈 목록(텍스트 나누기 의 빈 결과 포함), 빈 레코드 - 값이 어떤 형이든 한 줄이면 됩니다. 0 은 '아무것도 아님' 이 아닙니다. 점수 0 은 진짜 값이니까요. 공백만 있는 텍스트도 아닙니다(그건 텍스트가 비어 있음 입니다)."
Compare: Types,비교: 형
{value} is nothing,{value} 가 아무것도 아님
"Anything - text, a list, a record, a reference.","무엇이든 - 텍스트, 목록, 레코드, 참조 등."
Has Something,무언가 있음
"True when there IS something there - a name was typed, the inventory has items, the save slot was written, the item slot is filled. The exact opposite of Is Nothing, for the times the filled case is the one you want to act on.","거기에 무언가가 '있을' 때 참입니다 - 이름이 입력됨, 인벤토리에 아이템이 있음, 세이브 슬롯이 기록됨, 아이템 칸이 채워짐. 아무것도 아님 의 정확한 반대이며, 채워진 쪽을 처리하고 싶을 때 씁니다."
{value} has something,{value} 에 무언가 있음
Number Or,"숫자, 아니면"
"The value when it really is a number, or your own default when it is missing, null, text, or anything else. A zero counts as a real number and is kept. Use it to put a loaded value straight into a whole-number or decimal variable without a guard row first. The value is read twice in the emitted line, so keep it a plain read and not something that changes the game.","정말로 숫자일 때는 그 값을, 없거나 null 이거나 텍스트이거나 그 밖의 무엇일 때는 당신이 정한 기본값을 돌려줍니다. 0 은 진짜 숫자로 쳐서 그대로 유지합니다. 불러온 값을 가드 행 없이 바로 정수나 실수 변수에 넣을 때 쓰세요. 생성된 줄에서 값을 두 번 읽으므로, 게임 상태를 바꾸는 것이 아니라 단순한 읽기로 두세요."
Variables,변수
"{value} as a number, or {fallback}","{value} 를 숫자로, 아니면 {fallback}"
"The untyped value to check - a save slot read, a JSON field, a Dictionary key.","검사할 형 없는 값 - 세이브 슬롯에서 읽은 값, JSON 필드, 사전 키 등."
What you get back when it is not a number.,숫자가 아닐 때 받게 되는 값.
Text Or,"텍스트, 아니면"
"The value when it really is text with something in it, or your own default when it is missing, null, blank, or another kind of value. The classic use is a saved player name that falls back to ""Player"". The value is read twice in the emitted line, so keep it a plain read and not something that changes the game.","정말로 내용이 있는 텍스트일 때는 그 값을, 없거나 null 이거나 비었거나 다른 종류의 값일 때는 당신이 정한 기본값을 돌려줍니다. 대표적인 용도는 저장된 플레이어 이름이 없을 때 ""Player"" 로 되돌아가는 것입니다. 생성된 줄에서 값을 두 번 읽으므로, 게임 상태를 바꾸는 것이 아니라 단순한 읽기로 두세요."
"{value} as text, or {fallback}","{value} 를 텍스트로, 아니면 {fallback}"
"What you get back when it is not text, or is blank.",텍스트가 아니거나 비었을 때 받게 되는 값.
List Or,"목록, 아니면"
"The value when it really is a list with items in it, or your own default when it is missing, null, empty, or another kind of value. A Split Text result counts as a list. Safe to feed straight into a For Each. The value is read twice in the emitted line, so keep it a plain read and not something that changes the game.","정말로 항목이 든 목록일 때는 그 값을, 없거나 null 이거나 비었거나 다른 종류의 값일 때는 당신이 정한 기본값을 돌려줍니다. 텍스트 나누기 의 결과도 목록으로 칩니다. 바로 For Each 에 넣어도 안전합니다. 생성된 줄에서 값을 두 번 읽으므로, 게임 상태를 바꾸는 것이 아니라 단순한 읽기로 두세요."
"{value} as a list, or {fallback}","{value} 를 목록으로, 아니면 {fallback}"
"The untyped value to check - a loaded inventory, a JSON array, a Split Text result, a Dictionary key.","검사할 형 없는 값 - 불러온 인벤토리, JSON 배열, 텍스트 나누기 의 결과, 사전 키 등."
"What you get back when it is not a list, or is empty.",목록이 아니거나 비었을 때 받게 되는 값.
Record Or,"레코드, 아니면"
"The value when it really is a record (a dictionary) with keys in it, or your own default when it is missing, null, empty, or another kind of value. Pair it with Get Key so a whole missing settings block reads as defaults. The value is read twice in the emitted line, so keep it a plain read and not something that changes the game.","정말로 키가 든 레코드(사전)일 때는 그 값을, 없거나 null 이거나 비었거나 다른 종류의 값일 때는 당신이 정한 기본값을 돌려줍니다. 키 가져오기 와 짝지으면 설정 블록이 통째로 없어도 기본값으로 읽힙니다. 생성된 줄에서 값을 두 번 읽으므로, 게임 상태를 바꾸는 것이 아니라 단순한 읽기로 두세요."
"{value} as a record, or {fallback}","{value} 를 레코드로, 아니면 {fallback}"
"The untyped value to check - a loaded settings block, a JSON object, a Dictionary key.","검사할 형 없는 값 - 불러온 설정 블록, JSON 객체, 사전 키 등."
"What you get back when it is not a record, or is empty.",레코드가 아니거나 비었을 때 받게 되는 값.
Value Or,"값, 아니면"
"The value unless it is null, in which case your own default. This one guards nothing else: a zero, a blank text and an empty list all count as real values here. Use it for a method that can hand back null. The value is read twice in the emitted line, so keep it a plain read and not something that changes the game.","null 이 아닌 한 그 값을 주고, null 일 때만 당신이 정한 기본값을 줍니다. 이것은 그 밖의 것은 전혀 지키지 않습니다 - 0, 빈 텍스트, 빈 목록 모두 여기서는 진짜 값입니다. null 을 돌려줄 수 있는 메서드에 쓰세요. 생성된 줄에서 값을 두 번 읽으므로, 게임 상태를 바꾸는 것이 아니라 단순한 읽기로 두세요."
"{value}, or {fallback} when it is nothing","{value}, 아무것도 없으면 {fallback}"
"Anything that might be null - a method result, a freed reference, a missing key.","null 일 수 있는 무엇이든 - 메서드 결과, 해제된 참조, 없는 키 등."
What you get back when it is null.,null 일 때 받게 되는 값.
Part Of,…의 성분
"One named piece of a pair, a triple, a colour or a record: the up/down part of a velocity (the jump-or-fall test), the see-through part of a tint, the forward/back part of a 3D direction. Reads as a sentence instead of a typed-in .y. Pick a part the value actually has - a record that might be missing the field is the shipped Get Key (with default)'s job, because that one takes a fallback and this one does not.","쌍, 삼중값, 색, 레코드의 이름이 붙은 한 조각입니다: 속도의 위/아래 성분(점프 중인지 낙하 중인지 판정), 색조의 투명도 성분, 3D 방향의 앞/뒤 성분 등. 손으로 적은 .y 대신 문장처럼 읽힙니다. 값이 실제로 가진 성분을 고르세요 - 필드가 없을 수도 있는 레코드는 키 가져오기(기본값 포함) 의 몫입니다. 그쪽은 대체 값을 받지만 이쪽은 받지 않습니다."
Variables: Vector,변수: 벡터
the {part} part of {value},{value} 의 {part} 성분
"A Vector2, Vector3, Color or record to read one part of.","한 성분을 읽어 낼 Vector2, Vector3, Color 또는 레코드."
Part,성분
Which named part to read.,어떤 이름의 성분을 읽을지.
X (left / right),X (좌우)
Y (up / down),Y (위아래)
Z (forward / back),Z (앞뒤)
Red,빨강
Green,초록
Blue,파랑
Alpha (see-through),알파 (투명도)
Set Part Of,성분 설정
"Changes one named part and leaves the rest alone: zero the vertical speed on landing and keep the horizontal, flatten a 3D direction to the ground plane, fade only the see-through part of a tint. Writing a part a record does not have yet ADDS it.","이름이 붙은 한 성분만 바꾸고 나머지는 그대로 둡니다: 착지할 때 수직 속도만 0 으로 만들고 수평은 유지, 3D 방향을 지면 평면으로 눌러 펴기, 색조의 투명도 성분만 서서히 지우기 등. 레코드가 아직 갖고 있지 않은 성분에 쓰면 그 성분이 '추가' 됩니다."
set the {part} part of {var_name} to {value},{var_name} 의 {part} 성분을 {value} 로 설정
Variable or property,변수 또는 속성
"What to change one part of: a node's own member (velocity, modulate, position) picked from the list, or the name of a sheet variable holding a Vector, Color or record.","한 성분을 바꿀 대상: 목록에서 고른 노드 자신의 멤버(velocity, modulate, position), 또는 벡터·색·레코드를 담은 시트 변수의 이름."
Which named part to write.,어떤 이름의 성분에 쓸지.
The new value for that one part.,그 한 성분에 넣을 새 값.
