keys,xx
Sheet,
Save,
Run Scene,
Add Event,
Add Condition,
Add Action,
Add Code,
Add,
Edit,
View,
Tools,
Simple Mode,
Search,
Cancel,
Open,
Undo,
Redo,
Copy,
Paste,
Zoom In,
Zoom Out,
Name,
Name:,
Type,
Text,
Number,
Yes-No,
Details,
Parameters,
Default,
Tooltip,
Placeholder,
Range,
◀ Back,
★ Recent,
⭐ Favorites,
✚ Apply & Add Another,
Save the sheet - compile-on-save keeps its generated script fresh (Ctrl+S).,
"Save, then play the scene that uses this sheet's script.",
Add an event (E).,
Add a condition to the selected event (C).,
Add an action to the selected event (A).,
Add a GDScript block to the selected event - the deliberate 'drop to code' escape hatch. Opens the code editor immediately.,
"Beginner-friendly view: hides the advanced/code entries (GDScript blocks, sub-conditions, pick filters, signals/enums). Everything still works when off.",
"Toggle the generated-GDScript panel - the sheet's honest compiled output, side by side.",
Theme for this sheet (Load/Reload and the Theme Editor live in View),
"Quick add…  (e.g. every tick, heal 5)",
"Create, open, save, and configure this event sheet.",
"Panels, multi-view panes, theme, live values, and zoom.",
"Debug tools, validation, import, and project workflow.",
New…,
Open…,
Save As…,
Sheet Type…,
Manage Includes…,
Custom Actions…,
Export GDScript…,
Export Addon…,
New Behaviour Addon…,
Inspector Designer…,
Teach a Verb - Share Published Verbs,
Signal Event…,
Global Variable…,
Local Variable…,
Function…,
Code (GDScript) on Selected Event,
Note…,
Region…,
Preload Resource…,
Extract Selection to Include…,
Find References…,
Generate from Description (AI)…,
Simple Mode (beginner-friendly),
GDScript Panel (toggle),
Open Sheets Panel,
Add-Event Rows,
Split View (toggle),
Detached View (toggle),
Link Views (toggle),
Load Theme…,
Reload Theme,
Theme Editor…,
MCP Server (AI tools),
"Hide the advanced/code entries (GDScript blocks, sub-conditions, pick filters, match, signals/enums) from the right-click menus. Everything still works in Expert mode.",
Show/hide the generated-GDScript panel beside the sheet.,
"Show/hide the trailing ""+ Add event…"" rows. Turn off for a cleaner, calmer sheet.",
"Show/hide a second synchronized view of this sheet, side by side.",
Pop the sheet view out into its own window / bring it back.,
Link/unlink scrolling between the split views.,
Debug Breakpoints (toggle),
Live Values (toggle),
Event Trace (live highlight),
Bookmarks…,
Register Autoload,
Publish Preview…,
Test Bench,
Find in Project…,
Project Doctor…,
Check Sheet for Errors,
Vocabulary Doc,
Sheet Backups…,
Save as Template,
Attach to Selected Node,
Preview Behaviors on Selected Node,
Lift Report…,
Welcome…,
Start the Tour…,
Keyboard Shortcuts,
Rename Everywhere…,
Change Type Everywhere…,
Lint every ƒx expression + GDScript block; flag the offending rows and jump to the first.,
Toggle breakpoint emission: debug-compiled sheets pause at rows with breakpoints.,
Toggle Live Values: running sheets stream their variables here (editable).,
+ Add action,
+ Add condition,
+ Add parameter,
+ Add event…,
Every Tick,
Always,
+  Add your first event,
New from template…,
Create an event sheet…,
This event sheet is empty,
No event sheet is open,
Empty behavior sheet,
Empty autoload sheet,
Double-click anywhere - or press E - to add your first event.,
Double-click anywhere - or press E - to add an event that drives the Node this attaches to.,
Create one to start building - a menu of ready-made starters opens.,
"Add the signals and functions every sheet in the project should reach (score, game state, an event bus).",
"Tip: the picker understands plain language. Try typing ""every tick"".",
Tip: Tools > Welcome… has a playable showcase and a 2-minute tour.,
Tip: publish a function to the picker and every sheet in the project can call it.,
%s - Behavior · acts on host: %s,
"%s - Autoload · one instance, project-wide",
%s - Editor Tool · runs in the editor (File > Run),
%s - Custom Resource · every .tres of it is a data asset,
Event Sheet · a script for the %s it's attached to,
%s - Custom Node · extends %s,
"Click to edit the sheet type (name, icon, host class).",
Add Action / Condition,
"Search actions, conditions, triggers...",
Pin the highlighted entry to Favorites (or right-click any entry).,
Right-click any entry to pin it here.,
Entries you use appear here.,
"Select a condition, action, or trigger to create a new event.",
Select an action to append to the selected event.,
Select a condition or trigger to append to the selected event.,
Untitled EventSheet,
Unsaved (in-memory),
Open Sheets,
Filter sheets…,
Filter the open sheets by name or path.,
New Event,
New Condition,
Edit Action,
Edit Condition,
Delete Action,
Delete Condition,
Delete Function,
Replace Action,
Replace Condition,
Disable Action,
Disable Condition,
Invert Condition,
Add New Variable,
Create Variable,
Edit Variable,
Add a function…,
Edit Note…,
Edit Events,
Insert Snippet…,
Extract All Actions to Function…,
Group Under a Heading…,
Export Grid to CSV…,
Import Grid from CSV…,
Export Text for Translation…,
Import Translations…,
Detach Comment To Row,
Convert Scope,
Toggle Constant,
Whole numbers only,
Editable in the Inspector (a designer property),
Constant (can't change at runtime),
Set on _ready() - for node refs like $Player,
"Text - words, names, messages.",
"A number - a count, score, position, speed… Tick ""Whole numbers only"" for integers.",
"A yes/no, on/off switch (true / false).",
"An x/y pair: a direction, velocity, or position.",
An RGBA colour.,
An image / sprite resource.,
Viewing as a sheet,
Open in Godot Script Editor,
Edit the .gd directly in Godot's script editor - your changes reload here when you come back to this tab.,
Take the 2-minute tour,
Editor language,
Simple mode - hide advanced rows & menu items,
Open the GDScript panel with every sheet,
Coming from another event-sheet tool?,
Open the migration guide,
Report an Issue…,
Something not working right?,
Report an issue,
Reopen this window any time: Tools → Welcome…,
Translations are plain CSV files - drop one into eventsheet_translations/ and its language appears here.,
The 2-minute tour,
Read a sheet like a sentence,
Add your first event,
Give it a condition,
Make it DO something,
See the honest GDScript,
You know the loop,
Skip tour,
Back,
Next,
Finish,
✓ Done - nice! Hit Next.,
Hit Finish and go make something.,
"A coloured section label drawn above this property in the Inspector.
End with a #rrggbb to tint it. Editor decor only - plain comment in the code.",
"A quiet info panel drawn above this property in the Inspector.
Editor decor only - plain comment in the code.",
"A shape over 0-1 (easing, falloff, ramps).",
A whole number (no decimals) - stored as an int. Unticked stores a float.,
Access,
Advanced types,
Anatomy,
Any type - untyped (advanced; prefer a specific type when you can).,
Clamp to range,
Collapse the panel to a strip,
Default field,
Description,
Dropped Node Preview,
Easing curve (float: exponential ease handle),
Edit an Array/Dictionary's items one per line instead of typing a literal.,
Edit items…,
"Event-sheet-style quick add: type an event/condition/action (event-sheet phrasing works) plus optional parameter values, press Enter.",
Every sheet function at a glance (✦ = published as an ACE). Click to expand or collapse.,
Field button,
Flags,
From enum,
Group under heading,
"How this variable's field LOOKS in the Inspector - pickers, flags, layer grids... Plain fields need no choice here.",
Info note,
"Inspector grouping, conditional show/lock, an on-changed callback, clamp, read-only - for variables that reference other variables or functions.",
Inspector look,
Inspector preview,
Inspector section header (e.g. Combat),
Lock unless,
"Make this sheet's published verbs (its exposed ƒ functions) available in EVERY sheet's picker, node-targeted at $<ClassName>. Extract actions to a function first (right-click an event), then teach it here.",
Match Editor (default),
Multiline (String: big text box),
"No alpha (Color: solid RGB, no transparency)",
No lower limit,
No upper limit,
On changed,
On ready,
"On: a designer can tweak this per-instance in the Inspector (@export var).
Off: internal script state - a plain private var (the default for a new variable).",
"On: compiles to @onready var - the Default is a GDScript EXPRESSION evaluated when the node enters the tree (e.g. $Player, get_node(""UI/Score"")), not a literal.
Use it to grab a node reference once the scene is ready.",
"One column per entry: name:type (String, int, float, bool, color for a swatch, or enum(a|b|c) for a dropdown).
Each Array element becomes a row with these cells.",
Optional Inspector polish for exported globals - everything compiles to plain Godot annotations.,
Options (combo),
Pick the Inspector look from picture tiles instead of the list.,
Read-only,
"Renders a small button with this field that calls the named sheet function.
Needs a @tool sheet to act in-editor. Label optional (defaults to the function name).",
Required (warn in the Inspector while unset),
Save Studio…,
"Scaffold a ready-to-edit behaviour script in res://eventsheet_addons/ - its signals become triggers, methods become actions/conditions, and @export vars become properties, all auto-discovered as custom ACEs.",
Section header,
"See the WHOLE sheet's Inspector as one live view - every exported variable with its decor, grouping, and widget, exactly as Godot will show it.",
Show as,
Show if,
Shown after the number in the Inspector (suffix:px).,
"Shows a red warning above the field until a value is assigned
(a Resource left empty, a String left blank). Editor-only.",
Slider extras,
"Start editing this sheet here. From then on, Save (Ctrl+S) updates the file - or use Save As… to keep the original and save a copy.",
Sub-heading,
"Swap the Inspector field for a richer drawer (dial, swatches, curve…).
Graceful: a plain field without the editor plugin (parity preserved).",
Table columns,
"The Inspector calls this function while the property is edited and shows
the returned message above the field. Needs a @tool sheet to run in-editor.",
The slider stops at max but typing a bigger number is allowed (or_greater).,
"The variable's type. For a node reference, type the node's class (Sprite2D, Label, Area2D…) or leave Variant.",
"Turn the MCP server (AI-assistant tools) on/off. When off, connected AI clients see no tools and can't read or change your sheets. Takes effect live - no reconnect needed.",
Typing below min is allowed (or_less).,
Validate with,
"Write this sheet's plain, standalone GDScript to a file you own. No plugin dependency - proof you can leave the addon anytime.",
accent label above (e.g. Combat #e06666),
bool variable (hidden when false),
bool variable (read-only when false),
"columns, e.g. item:String, count:int, rare:bool",
"comma-separated, e.g. easy, normal, hard (String only)",
"function and button label, e.g. reroll_stats Reroll",
grey hint shown when the field is empty,
"min, max, step (numeric: slider)",
nested section under the group (e.g. Melee),
note panel above (e.g. Shared resource - edits affect every user.),
sheet function called after assignment,
sheet function returning a warning String (empty = valid),
"type - e.g. Node2D, Label, Sprite2D (or Variant for any)",
"unit, e.g. px",
what this variable is for - shown as its description in the Inspector,
"▸  Advanced (grouping, conditions, clamp…)",
"▸  More options (range, drawer, grouping…)",
Create Code Region,
Create Code Region…,
Doc comment,
Documentation shown above the function (## …). BBCode like [b]bold[/b] is allowed.,
Getter body,
Setter body,
Setter parameter,
The name of the setter's incoming-value parameter (defaults to `value`).,
The statements that run when this variable is assigned (`set(value):`). Use `value` for the incoming value. Leave blank for no setter.,
"The statements that run when this variable is read (`get:`), ending in `return …`. Leave blank for no getter.",
"getter body, e.g.  return _health",
"setter body, e.g.  health = clampi(value, 0, max_health)",
A faint tint over the actions (right) lane.,
A faint tint over the conditions (left) lane.,
"Accent (groups, selection)",
Action Lane Color,
Action Lane Padding,
Action cells,
Alternate group header background (zebra).,
Apply To Current Sheet,
Background of a group header row.,
Background of the Conditions / Actions column header bar.,
Background of the fold triangle box on a group.,
Badge Background Color,
Badge Extra Width,
Badge Foreground Color,
Base (background tone),
Behavior Accent Color,
Border of the condition/action chip.,
Cell Corner Radius,
Cell Hover Color,
Chip Background Color,
Chip Border Color,
Chip Hover Color,
Chip fill when hovered.,
Close,
Column Header Actions Color,
Column Header Background Color,
Column Header Conditions Color,
Comment Row Background Color,
Comment Text Color,
Condition Badge Column Width,
Condition Lane Color,
Condition Lane Padding,
Condition Lane Ratio,
Condition cells,
Corner Radius,
Corner roundness of group rows (0 = square bar).,
Corner roundness of individual condition/action cells.,
Corner roundness of region marker bubbles.,
"Corner roundness of the chip, in pixels.",
"Corner roundness of the event block, in pixels (0 = square).",
"Editor (hover, selection, lanes)",
Event Corner Radius,
"Extra width reserved for the role badge on the chip, in pixels.",
Fill of the condition/action chip.,
Fill of the count badge on a group.,
Fill of the role badge on the chip.,
"Fill of the trigger arrow badge (On Ready, On Signal...).",
Font Size Delta,
Gap After,
Generate Theme,
Group Accent Color,
Group Background Alt Color,
Group Background Color,
Group Badge Background Color,
Group Badge Foreground Color,
Group Corner Radius,
Group Fold Background Color,
Group Title Color,
"Height of a single event row, in pixels - raise it for more breathing room.",
Horizontal Padding,
Hover Fill Color,
How much of the row width the conditions lane takes (0.2 - 0.8).,
Icon/text colour on the trigger badge.,
"Inner padding on the actions lane, in pixels.",
"Inner padding on the conditions lane, in pixels.",
Invert Marker Color,
Lane Divider Color,
Lane Divider Width,
Language Block Accent Color,
Line thickness of region marker borders.,
Minimum Conditions Lane Width,
Minimum Row Height,
Object Label Color,
"Parameter values (numbers, strings) highlighted inside ACE text.",
"Pick a base + accent, then Generate. Fine-tune individual tokens below.",
Quick Style - recolour everything at once,
Rebuild every colour token from the three colours above.,
Region Corner Radius,
Region Line Width,
Reset To Default,
Restore the bundled default look.,
Row Background Alt Color,
Row Background Color,
Row Border Color,
Save As Preset…,
Selection Fill Color,
Sheet & rows (event style),
Sheet Background Color,
"Space between this chip and the next one, in pixels.",
"Space inside the chip, above and below its text, in pixels.",
"Space inside the chip, left and right of its text, in pixels.",
Text Color,
Text colour of the role badge.,
Text colour on the group count badge.,
"Text size adjustment for this chip kind, relative to the sheet font (+/- points).",
The 'Actions' header label colour.,
The 'Conditions' header label colour.,
The background of a normal event row.,
The background of every OTHER row (the zebra stripe).,
The banner colour behind a full-width comment.,
"The colour behind the whole sheet, outside the rows.",
The conditions lane never shrinks below this many pixels.,
The group title text colour.,
The group's left accent stripe and hairlines.,
The highlight over a selected row.,
"The object/origin label before each condition/action (System, node class).",
The red X shown on an inverted (negated) condition.,
"The soft-purple 'this is a behavior' accent (banner, region default).",
"The stripe + wash on language blocks (a data class, a host binding, a switch case) so they read as code structure, not regular events.",
The text colour of comments.,
The text colour of the chip.,
The thin line between rows.,
The tint over the row under the mouse.,
The vertical line splitting conditions from actions.,
Theme Editor,
Thickness of the conditions/actions divider line.,
Tint over a single condition/action cell under the mouse.,
Trigger Badge Background Color,
Trigger Badge Foreground Color,
Value Highlight Color,
Vertical Padding,
Width reserved for the trigger/condition badge column.,
Add Comment Sub-Event,
Add GDScript Action,
Add Match To Actions…,
Add Pick Filter (For Each)…,
Add Sub-Condition,
Add Sub-Event,
Attach To Event Above,
Clear Else,
Clear Else-If,
Close Group,
Comment,
Convert to AND Block,
Convert to OR Block,
Copy as Text,
Cut,
Delete,
Disable / Enable Selection,
Disable Row,
Duplicate,
Duplicate Selection,
Edit Comment…,
Edit Description…,
Enable Row,
Enum,
Event Above,
Event Below,
Find Usages (project),
GDScript Block,
Group,
Group Color…,
Group Selection into New Group,
Insert,
Make Else,
Make Else-If,
More,
Open / Close Group,
Open Group,
Open in Split,
Runtime Toggleable,
Save Selection as Snippet…,
Scope Actions To Node…,
Set Breakpoint Condition…,
Signal Handler,
Variable,
Else,
Else If,
"A list of numbers (Array[float]) - weights, timings, chances.",
"A list of text entries (Array[String]) - names, lines, tags.",
"A list of whole numbers (Array[int]) - scores, ids, tile indexes.",
A list that can hold anything (mixed types allowed).,
Action Object Column Width,
Condition Object Column Width,
Designer Template,
Fixed width of the object-name column in the actions lane (0 = text flows after each name). Also set by dragging the name/text gap in a row.,
Fixed width of the object-name column in the conditions lane (0 = text flows after each name). Also set by dragging the name/text gap in a row.,
Group Row Height,
"Height of a group header bar, in pixels - double an event row by default; lower it for the classic slim bar.",
Language,
"Make your own data asset in three questions: name one entry, list its columns, done - a Resource whose Inspector is a fill-in table, saved as .tres files designers edit.",
Named anything (by text key) - a flexible data bag.,
"Named numbers (by text key) - e.g. volumes[""music""] = 0.8.",
Named slots holding anything: look values up by a key.,
"Named text (by text key) - e.g. lines[""greeting""].",
"Named whole numbers (by text key) - e.g. costs[""sword""] = 10.",
New Custom Resource…,
New Editor Tool…,
Object Icons,
"Start an editor-side tool sheet: its events run INSIDE the editor (script editor > File > Run), never in the game - batch renames, scene checks, one-click chores.",
Switch the EventSheets editor language. Drop a translation CSV into addons/eventsheet/translations/ and it appears here automatically.,
"Makes your own data asset: a Resource with a table designers fill in the Inspector and save as .tres files - loot tables, dialogue lines, wave plans, anything that is rows of data. No annotations to learn; describe the rows and the sheet is generated.",
What are you making?,
One entry is a…,
Resource name,
What does an entry have?,
"One column per line. Plain words make a text column; add "": float"", "": int"", or "": bool"" for numbers and toggles; list choices with | for a dropdown.

name
kind: coin|gem|key
weight: float",
Before it works,
Warn in the Inspector until the table has rows (required),
"Add a validation check (a function warning about bad data, live)",
Creates a ready-to-edit validate function: it runs while the table is edited in the Inspector and shows any warning it returns above the field. Add your own rules as condition rows.,
Inspector button,
"Show this function as a one-click button in the Inspector, labelled with this text. Pressing the button runs the function's rows - great for editor chores like re-baking, refilling, or validating.",
Plain GDScript - anything valid in an expression works here. Ctrl+Space completes sheet variables/functions and host members. Alt+Enter grows the box for a long expression (and shrinks it back).,
"Find Expressions - open the expressions dictionary (floating: double-click inserts, stays open until you close it)",
Expressions dictionary,
Double-click to insert at the cursor - the dictionary stays open so results chain. You can also just type in the field: the same expressions autocomplete as you go.,
Loop index (optional),
"Name a counter that runs 0, 1, 2... each pass - Construct's loopindex. Read it with the Loop Index expression; give nested loops distinct names and read an outer one with Loop Index Of.",
Write one value per line (multi-line enum),
"Off: enum State { IDLE, RUN }. On: each value on its own tab-indented line - the usual shape for long enums with explicit numbers.",
Addon Pack,
Make your own data asset,
"Sheets aren't only for gameplay: Sheet > New Custom Resource… asks three plain questions (what one entry is called, what columns it has, whether it's required) and builds a data asset whose Inspector is a fill-in table - loot tables, dialogue lines, wave plans. Designers fill rows and save .tres variants; your sheets load them. And Sheet > New Editor Tool… makes one-click editor chores the same way.",
Peek at Sheet > New Custom Resource… (Esc closes it without creating anything).,
Connect Signal to Event Sheet,
Connect,
%s - pick a signal,
An On <Signal> event is added to the node's sheet; its actions run when the signal fires.,
Filter signals...,
Connected %s - add actions to the new event.,
Open the EventSheet workspace to connect signals.,
Bold (Ctrl+B),
Italic (Ctrl+I),
Underline (Ctrl+U),
Strikethrough (Ctrl+Shift+S),
Wrap the selection in [color=...] (edit the hex after),
Loaded: (unsaved EventSheet),
Event Numbers,
Aligned Object Columns,
Outline…,
Outline,
Go to Event,
Go to Event Number…,
Bookmarks,
◂ Previous,
Next ▸,
Clear All,
Current sheet,
Filter,
Edit Values Across Selection…,
Select All Events Using This,
Replace Object References…,
Paste Special…,
Replace Object References,
Retarget the selection,
Replace,
From,
To,
Add Field…,
Remove Field,
Add Field,
New field on this data class,
all,
Action,
Condition,
Expression,
Trigger,
Signal,
gives back %s,
emits %s,
waits,
static,
internal,
★ featured,
text,
number,
true/false,
point,
color,
any,
Edit Parameter,
Add Parameter,
Apply,
Delete this parameter,
Edit the whole verb…,
e.g. amount,
leave empty to make it required,
what this input is for,
A parameter needs a name.,
Updated the parameter.,
Removed the parameter.,
e.g. Re-bake  (empty = no button),
"What this verb is called. Write it in plain words - ""Take Damage"" becomes take_damage in the generated GDScript. Other rows call the verb by this name.",
Godot's own documentation for this verb. It is written above the function as ## lines and shows up in the editor's built-in help and when hovering the verb elsewhere. Optional.,
"Puts a clickable button on this node's Inspector panel, labelled with whatever you type here. Pressing it runs this verb right there in the editor - handy for chores like re-baking a level or filling in test data. Leave it empty (the usual case) and no button appears.",
"The kind of value this verb hands back to whoever asked - a number, some text, a true/false, a position, and so on. Pick the one that matches what the verb works out.",
"One line saying what this verb does. It shows beside the verb in the picker, so it is what somebody reads when deciding whether this is the verb they want.",
"The friendly name shown in the picker instead of the function name - ""Deal Damage"" reads better than deal_damage. Leave it empty to let it default from the verb name.",
"Which section of the picker files this verb. Verbs sharing a category are grouped together, so a pack usually puts all of its verbs under one - its own name works well.",
"What this input is called. It becomes the parameter's name in the generated GDScript, and the label on the verb's row, so plain words beat abbreviations.",
"What kind of value this input accepts - a number (int / float), text (String), a true/false (bool), a position (Vector2 / Vector3), or Variant for anything at all.",
"An optional starting value, so whoever uses the verb can skip this input. Written as GDScript (10, 1.5, ""idle"", true). GDScript requires inputs WITH a default to come last, so filling this in may move the parameter down.",
"One line explaining this input. It shows in the picker beside the field, which is where somebody decides what to type into it.",
Removes the input from the verb entirely. Anything already calling the verb loses the value it was passing here.,
"Each parameter has a name, type, optional default value, and description.",
A GDScript boolean expression - the body runs only when all hold (e.g. host.enabled).,
Publishes the verb into pickers as the chosen kind.,
Optional default value (a GDScript expression). Defaulted params must come last.,
Remove this parameter.,
Remove this condition.,
New Function,
"Action, Condition, or Expression?",
Function,
Edit Function…,
+ describe this function,
+ category,
Function names must be valid identifiers (e.g. take_damage).,
Publish to the picker (other sheets can use it),
"Drag this label sideways to scrub the value (Shift = fine, Ctrl = coarse).",
Curate Script…,
Parameters…,
Keep Old Name…,
Keep the old name working,
Add Shim,
the previous function name,
Write Annotations,
Publish New Version…,
Name Raw Calls…,
Compact Rows,
Remember Between Runs,
Add Entry…,
Edit Entry…,
Remove Entry,
Lock Verb Body (read-only),
State,
is one of,
or,
and,
more,
values,
default,
+ Add value…,
Runs in editor,
Remembered variables,
Setup lines,
double-click to edit in code,
Host binding,
decides by state,
states below,
decides by,
branches below,
Not,
(animations),
(no backups yet - they appear from the second save on),
(no enums on this sheet),
(no match - keep typing),
(or choose),
(or type your own...),
(plain),
Autoload (always-on singleton),
Behavior (acts on parent),
Behavior Component (signal-driven),
Blank Sheet,
Children,
Copy annotation stub,
Copy registrar snippet,
Custom Node,
Custom Resource (data + logic),
Custom Resource (data asset),
Editor Tool,
Editor Tool (one-click chore),
Entity System (Autoload),
Event Bus (Autoload),
Event Sheet,
Fast (60),
First-Person Controller (3D),
GDScript iterable,
Game State (Autoload),
Hide this verb,
Major - breaking changes,
"Minor - new verbs, nothing breaks",
No actions or conditions were found on the dropped node.,
No sheets open,
Node group,
"Patch - fixes, no new verbs",
Pin / Unpin Favorite,
Platformer Starter,
Recently closed,
Repeat N times,
Reset to the inferred name,
Save System (Autoload),
Slow (30),
Third-Person Mover (3D),
Top-down Starter,
While (condition),
bow,
keep format,
potion,
sword,
Rename this verb…,
Set its category…,
timeline,
steps,
at,
Add Step…,
Timeline,
Render Scene To Image,
"Instantiates a scene into an off-screen viewport, lets it settle for a frame, and saves what it shows as a PNG - thumbnails, store shots, doc figures, baked sprites. Needs a windowed editor: a headless run has no renderer, so it warns and writes nothing.",
Preview Table Rolls,
"Rolls a weighted table many times and reports what actually came out: per entry the rolled percent, the percent its weight implies, and the gap between them. Pure maths - it runs anywhere, and the same seed always gives the same numbers.",
On Project Export,
"Runs while a project export is starting, before the files are written - the place to stamp a build number, bake a data file, or strip debug content.",
Write Version Stamp,
"Writes a small build stamp file: the version string plus the date and time the stamp was written. The timestamp is read when the tool runs, so the generated code stays identical every save.",
Export Is Debug,
True when the export that triggered this bake step is a debug build. Use it inside On Project Export to keep test content out of release builds.,
Export Has Feature,
"True when the export preset that triggered this bake step carries the given feature tag - the way to bake different data for mobile, web or desktop.",
Share Code For,
"Turns any value into one compact line of text a player can paste anywhere - a seed, a loadout, a whole save. Read it back with Value From Share Code.",
Utility: Window,
share code for [b]{value}[/b],
Value,
"Anything - a run seed, a loadout list, a colour, a whole save record.",
Copy Share Code To Clipboard,
"Encodes any value as a share code and puts it straight on the operating system clipboard, ready to paste.",
copy share code for [b]{value}[/b] to clipboard,
"Anything - a run seed, a loadout list, a whole save record.",
Share Code Is Valid,
"True when the text really is a share code that decodes cleanly, so a paste box can refuse garbage before it reaches the game. Ask it when the pasted text CHANGES (a Paste button, On Text Changed) rather than every frame: a code mangled in transit can still reach the decoder, and the engine logs a line each time it is refused. A code that was made from nothing at all also reads as invalid.",
[b]{code}[/b] is a valid share code,
Code,
The pasted text to test - usually Clipboard Text or a paste box's text.,
Value From Share Code,
"Reads the value back out of a share code, giving nothing when the text is not a valid code.",
value from share code [b]{code}[/b],
The share code text to read - check it with Share Code Is Valid first.,
Clipboard Has Text,
True when the operating system clipboard currently holds any text - gate a paste box on it.,
clipboard has text,
Clipboard Has Image,
"True when the operating system clipboard currently holds an image, such as a screenshot the player just copied.",
clipboard has an image,
Clipboard Image,
The image currently on the operating system clipboard - feed it to ImageTexture.create_from_image to show it.,
clipboard image,
Clipboard Text Is,
"Compares whatever text is on the clipboard against a value, with your choice of operator.",
clipboard text {op} [b]{value}[/b],
Operator,
Comparison.,
= (equal to),
!= (not equal to),
< (less than),
<= (at most),
> (greater than),
>= (at least),
Text to compare the clipboard against.,
Clone Into,
"Copies a live node, adds the copy to a parent, places it and optionally puts it in a group - the one-row form of Duplicate Node plus Add Child plus Set Position. Use Spawn Scene when you are starting from a .tscn file instead.",
Nodes,
"clone [i]{source}[/i] into [i]{parent}[/i] at [b]{at}[/b], group [b]{group}[/b]",
The live node to copy.,
Into,
Where the copy is added.,
At,
World position for the copy (a Vector3 for a 3D node). Only used when the copy has a position.,
Optional group for the copy (blank = none).,
Remember Value As,
"Copies any value aside under a name, in memory, for this run - the before-value for a preview, a buff or a cutscene. For memory that survives closing the game use Remember Between Runs on the variable, or the Save System pack.",
Run Context,
remember [b]{value}[/b] as [b]{name}[/b],
Any label you also use in Restore Value Into.,
The value to copy aside.,
Restore Value Into,
Pours a remembered value back into a variable. When nothing was remembered under that name the variable keeps what it already had.,
restore [b]{name}[/b] into [b]{var_name}[/b],
The label used in Remember Value As.,
Into Variable,
Variable that receives the remembered value (left alone when nothing was remembered).,
Remembered Value,
"The value remembered under a name this run, or your fallback when there is none - read it without pouring it back.",
remembered [b]{name}[/b] or [b]{fallback}[/b],
Or,
What you get when nothing was remembered under that name.,
Has Remembered,
True when something was remembered under that name this run - the gate on a Cancel button that should only undo a preview it actually took.,
has remembered [b]{name}[/b],
Forget Remembered,
"Drops a remembered value, so Has Remembered reads false again. Forgetting a name that was never remembered is harmless.",
forget remembered [b]{name}[/b],
Resources In Folder,
"Loads every data asset (.tres) in a folder as a list, so a folder of files becomes your content - items, enemies, levels, or a mod folder. A missing folder gives an empty list, and a file that fails to load is left out rather than arriving as nothing.",
Files,
resources in [b]{folder}[/b],
Folder,
"Folder to scan (not recursive). Every .tres / .res inside it is loaded, in the folder's own order.",
Resource In Folder,
"Fetches one data asset out of a folder by its file name, or nothing at all when there is no such file - no red error.",
resource [b]{name}[/b] in [b]{folder}[/b],
Folder holding the data assets.,
"File name WITHOUT the .tres extension - ""rusty_sword"" finds rusty_sword.tres.",
Load Resource Or Default,
"Loads a file and hands back your fallback when it is missing, so a deleted or mod-supplied file never crashes the game.",
load [b]{path}[/b] or [i]{fallback}[/i],
Path,
Full path to the resource or scene to load.,
Fallback,
"What to use instead when the file is not there (a preloaded default, or null).",
Count Of Resources In,
"How many data assets a folder holds, counted without loading any of them - zero if the folder is missing.",
count of resources in [b]{folder}[/b],
Folder to count data assets in (not recursive).,
Copy Resource (Independent),
"Makes a private copy of a resource, right down to the resources inside it, so writing to the copy never changes the .tres on disk or any other node holding it. Use this before a node edits its own stats.",
Helpers,
independent copy of [i]{resource}[/i],
Resource,
The resource to copy. Anything that is not a resource (including nothing at all) gives nothing back.,
Copy Resource (Share Sub-Resources),
Makes a cheap copy whose own fields are separate but whose inner resources and lists are still SHARED with the original. Pick this only when you want that sharing - otherwise use Copy Resource (Independent).,
copy of [i]{resource}[/i] (sub-resources shared),
Deep Copy,
"Copies the array AND every list or dictionary nested inside it, so editing the copy cannot reach back into the original. Copy Array only copies the outer level.",
Variables: Array,
deep copy of [b]{var_name}[/b],
Array,
Array variable to copy right through.,
"Copies the dictionary AND every list or dictionary nested inside it, so editing the copy cannot reach back into the original. Copy Dictionary only copies the outer level.",
Variables: Dictionary,
Dictionary,
Dictionary variable to copy right through.,
Copy Values From,
"Pours a list of values off another object onto this one, in one row instead of one row per property. Names the target does not have are skipped, so a single preset can serve several kinds of node.",
copy [b]{names}[/b] from [i]{source}[/i] into [i]{target}[/i],
The object being written to - it is what changes.,
The object to read from - a node OR a resource.,
Names,
Comma-separated property names. Leave blank to copy every variable the source's script declares.,
Fill Blanks From,
"Writes a base's values ONLY into fields this object left empty, leaving everything you did fill in alone. That is the override chain: a base item plus a rarity variant, or a shipped table plus a mod file. Empty means nothing there: no value at all, blank text, an empty list or an empty record - a 0 and a false are real values and are kept, exactly as Is Nothing and Missing Fields read them.",
fill blanks in [i]{target}[/i] from [i]{base}[/i],
Fill,
The one being completed - it is what changes.,
Where the missing values come from.,
Apply Preset To Node,
"Pours a data asset's fields onto the same-named properties of a node, so difficulty tiers, weapon tunings and boss phases become a data edit instead of a wall of rows.",
apply preset [b]{preset}[/b] to [i]{target}[/i],
Preset,
The data asset to pour on (a .tres you filled in the Inspector). Nothing happens if it is empty.,
The node to apply it to.,
Matches Properties Of,
"True while the listed properties hold the same values on both objects - the cheap 'is this ghost still in sync' or 'has anything changed' check. A name neither object has reads as NOT matching, so a typo shows up instead of quietly passing, and either side being gone reads as not matching too.",
[i]{target}[/i] matches [b]{names}[/b] of [i]{other}[/i],
Object,
The object to test.,
"Comma-separated property names to compare. A blank list has nothing to compare, so it is true.",
Of,
The object to compare against.,
Data Is Older Than Version,
"True when a loaded record was written by an older build than this one - the gate a migration sits under. A record with NO version field counts as 0, so the very first format upgrades too, and so does one whose version field is empty or is not a number at all.",
[b]{record}[/b] is older than version [b]{version}[/b],
Record,
"The parsed record (a save file, a payload, a manifest).",
Field,
Which field holds the version number.,
Version,
The version this build writes.,
Rename Field,
"Moves a value to its new field name, and does nothing at all when the old name is not there - so a migration is safe to run twice.",
rename [b]{from_field}[/b] to [b]{to_field}[/b] in [i]{record}[/i],
"The record to migrate, edited in place.",
The old field name.,
The new field name (overwritten if it is already there).,
Stamp Data Version,
"Writes the current format number onto a record, so the next load knows it has already been migrated. Data Is Older Than Version reads it back, and reads it as 0 when it is missing or is not a number.",
stamp [i]{record}[/i] as version [b]{version}[/b],
The record to stamp.,
The version this build writes - a whole number.,
Table From File,
"Reads a .csv whose FIRST line is the column names and gives you one record per row, each field reachable by column name - row[""price""]. Quoted cells may contain the separator, Windows line endings are fine, and a missing file simply gives no rows. Store it in an Array variable, then walk it with a For Each pick filter.",
Files: Tables,
rows of [b]{path}[/b],
File,
The .csv to read. Its FIRST line must be the column names.,
Separator,
What separates the columns in that file.,
Comma,
Semicolon,
Tab,
Table From Text,
"The same column-names-first parse as Table From File, but over text you already hold instead of a file on disk.",
rows in [b]{text}[/b],
"Spreadsheet text you already have - a pasted blob, a downloaded body, a file you read earlier. FIRST line = the column names.",
Column Of Table,
"Gives one whole column as a list, in row order - handy for a dropdown's items, a weights list, or a quick sum. A row missing that column contributes empty text.",
column [b]{column}[/b] of [b]{table}[/b],
Table,
The rows-of-records variable a Table From File (or Table From Text) expression filled.,
Column,
"The column name to read, exactly as it is spelled in the header row.",
Row Where,
"Finds the FIRST record whose column holds this value - the single-item lookup, e.g. the row for item ""sword"". Gives an empty record when nothing matches, so check it with Dictionary Is Empty before reading fields.",
row of [b]{table}[/b] where [b]{column}[/b] is [b]{value}[/b],
"The column to match on, exactly as it is spelled in the header row.",
Is,
"The value to look for. Compared as text, so 25 and ""25"" both match a cell reading 25.",
For Each Line In Text,
"Runs this event's actions once per LINE of the text, skipping blank ones. Windows (CRLF) and old-Mac (CR) endings are handled, so no line arrives with a stray carriage return. Read the current one as `line`.",
Loops,
for each line in [b]{text}[/b],
"The text to walk line by line - a file you read, a pasted blob, a leaderboard body.",
For Each Part In Text,
"Runs this event's actions once per PIECE of the text. Each piece arrives with its surrounding spaces trimmed, and empty pieces are skipped, so ""sword; shield;; bow"" is three parts. Read the current one as `part`.",
for each part of [b]{text}[/b] split by [b]{separator}[/b],
"The text to break up - a tag list, a chat command's arguments, one cell of a spreadsheet.",
Split by,
"What separates the pieces, e.g. "","" or "";"" or "" "".",
For Each Resource In Folder,
"Runs this event's actions once per data asset (.tres / .res) in a folder, already loaded - the ""a folder of items IS my item list"" setup, with no list to maintain. A folder that is not there walks nothing (quietly - it is checked first, so a loop that runs every frame cannot spam errors), and anything that fails to load is skipped rather than arriving as null. Read the current one as `entry`.",
for each resource in [b]{folder}[/b],
Folder of data assets to walk. Only .tres / .res files are loaded; anything else in there is ignored.,
Text Before,
"The part of the text before the first marker: Text Before(""Ada [angry]: hi"", "" ["") is ""Ada"". When the marker is not there you get the whole text back, so nothing is silently lost.",
the part of {text} before {marker},
The line to read a piece out of.,
Before,
The marker to stop at (the first one wins).,
Text After,
"Everything after the first marker: Text After(""Ada [angry]: hi"", ""]: "") is ""hi"". Empty when the marker is not there, because then there is no ""after"".",
the part of {text} after {marker},
After,
The marker to start after (the first one wins).,
Text Between,
"The part between two markers: Text Between(""Ada [angry]: hi"", ""["", ""]"") is ""angry"". Empty when the opening marker is missing, and the rest of the text when the closing one is.",
the part of {text} between {open} and {close},
The opening marker.,
The closing marker.,
Number In Text,
"The first number found anywhere in the text, whole or decimal: ""Chapter 3"" gives 3, ""v1.25-beta"" gives 1.25. You get 0 when there is no number at all, and you never write a pattern.",
the first number in {text},
Text that has a number somewhere in it.,
Split Keeping Quotes,
"Splits text on a separator but keeps anything inside ""double quotes"" together as one piece, and drops the quotes: give ""iron sword"" 2 is three pieces, not four. Empty pieces are skipped, so runs of separators never produce blanks.",
"pieces of {text}, keeping quotes together",
"The line to split - a console entry, a search box, a pasted cell.",
What separates the pieces OUTSIDE quotes.,
Explain JSON Problem,
"Why this JSON failed to parse, with the line: ""line 4: Expected ':'"". Empty when it parses fine, so an empty result IS the all-clear. Log it and the bug report writes itself. Branch on this verb's own emptiness (Text Is Blank, inverted) rather than on JSON Is Valid: that condition reads a file holding just the word null as invalid, and this one has nothing to say about it, so pairing them logs an error with a blank reason.",
JSON,
why {text} is not valid JSON,
"The JSON text to check - a file you read, a paste, a server reply.",
Explain Table Problem,
"The first cell of a table that should be a number and is not, said out loud: ""row 12, column ""price"": ""abc"" is not a number"". Rows are counted from 1 over the rows you hold - Table From File has already used up the header line, so row 12 is line 13 of the file. A row that is not a record at all is reported too. Empty when every listed column checks out.",
what is wrong in {records},
Rows,
"A list of records - one per row, each field reachable by column name.",
Number columns,
The columns that must hold numbers.,
Missing Fields,
"The listed fields that are missing or left blank, comma-separated, and empty when the record is complete. Blank means nothing there: null, empty text, an empty list or an empty record - a 0 is a real value and is never reported.",
the fields missing from {record},
A record or a resource to check.,
Fields,
"The fields it must have filled in, separated by commas.",
Shorten To Fit,
"Trims text to a maximum number of characters and marks the cut with the ending you choose, so a clipped name never reads as the whole name. Text that already fits comes back untouched, and the result never runs past the width you gave - a width too narrow to hold the ending simply cuts without one. Cuts mid-word: use Shorten To Whole Words when the cut should land on a word boundary.",
shorten [b]{text}[/b] to [b]{max_chars}[/b] characters,
The text that has to fit.,
Max characters,
"The widest the result may get, in characters, counting the ending below.",
Ending,
"What marks the cut, e.g. ""..."" or a single ellipsis character. Its own length is taken out of the budget.",
Shorten To Whole Words,
"Like Shorten To Fit, but backs up to the last complete word before cutting, so ""Ancient Sword of Thorns"" reads ""Ancient Sword..."" instead of ""Ancient Sword of Th"". When the budget holds no whole word (one very long word) it falls back to cutting by characters, and when it is too narrow to hold the ending at all it cuts without one - so the result is never just the ending, and never wider than you asked for.",
shorten [b]{text}[/b] to whole words within [b]{max_chars}[/b],
With Thousands Separators,
"Turns a number into grouped digits a player can take in at a glance: 1234567 reads ""1,234,567"". Whole numbers only (the fraction is dropped); a negative keeps its minus sign. For idle-game scale (1.23e15, ""1.23 Qa"") reach for the Big Numbers pack instead.",
[b]{value}[/b] with thousands separators,
The number to make readable. Anything after the decimal point is dropped.,
As Percent Text,
"Turns a fraction into percent TEXT with the sign on it: 0.73 reads ""73%"". Feed it a 0-to-1 value (Percent Of already returns 0-to-100, so divide that by 100 or use the raw fraction).",
[b]{value}[/b] as a percent,
Fraction,
"A fraction where 1.0 means full, e.g. health / max_health.",
Decimals,
Digits after the decimal point. 0 gives a whole percent.,
As Duration,
"Seconds as a duration that survives passing an hour: 3725 reads ""1h 02m"" and 90 reads ""1m 30s"". A negative duration reads as zero. Use As Clock Time when you want strict mm:ss (it rolls an hour into ""60:00"").",
[b]{seconds}[/b] as a duration,
Seconds,
A duration in seconds.,
Align Left,
"Pads text out on the RIGHT to a fixed width, so every row starts on the same edge and reads as a column. Text longer than the width is left alone (it is never cut - shorten it first). Give the Label a MONOSPACE theme font or the column will still drift.",
[b]{text}[/b] aligned left in [b]{width}[/b],
The text to pad out.,
Width,
Column width in characters. Shorter text is padded; longer text is left as it is.,
Fill with,
"What fills the gap: a space, or ""."" for a dotted leader. One character.",
Align Right,
"Pads text out on the LEFT to a fixed width, so numbers END on the same edge and read as a column of figures. Text longer than the width is left alone. Give the Label a MONOSPACE theme font or the column will still drift.",
[b]{text}[/b] aligned right in [b]{width}[/b],
The text to pad out - str() a number first.,
Center In Width,
"Pads text on BOTH sides to a fixed width, so a heading sits in the middle of a column. An odd leftover space goes on the right. Text longer than the width is left alone. Give the Label a MONOSPACE theme font or the centering will still drift.",
[b]{text}[/b] centered in [b]{width}[/b],
The text to center.,
As Title Text,
"Turns a machine id into a readable name: ""fire_sword"" reads ""Fire Sword"", ""maxHealth"" reads ""Max Health"". Use it wherever a key has to be shown to a player, so ids and labels never drift apart in two places.",
[b]{text}[/b] as title text,
"An id or key, e.g. fire_sword or maxHealth.",
As Sentence Text,
"Raises the FIRST letter only and leaves the rest of the text exactly as it is, so ""NPC"" and ""HP"" keep their capitals. Empty text stays empty.",
[b]{text}[/b] as sentence text,
A sentence that needs its first letter raised.,
Translated Text From Pattern,
"Looks the whole sentence up in the current language FIRST, then fills its {slots}. The pattern you type here - slots and all - is the translation key, so it is what goes in the catalog. Filling the slots first (Translate around Text From Pattern) produces a string no catalog can contain, and the text then never translates.",
Translation,
translated text from [b]{pattern}[/b],
Pattern,
"The source sentence, with {name} slots. This exact string, slots and all, is the translation key that goes in the catalog.",
Values,
"What fills the slots: {""name"": value, ...} - e.g. {""coins"": coins}.",
Set Text (translated pattern),
Sets this Label's text from a pattern that is translated FIRST and filled second. The pattern - slots and all - is the translation key. Re-run it under On Language Changed so the label follows a live language switch.,
set text to translated [b]{pattern}[/b],
Text Is A Number,
"True when this text would convert to a number cleanly. Ask it BEFORE converting, so a typo can never arrive as a silent 0 and the sheet bet nothing. Spaces around the number are ignored; empty text is not a number.",
Compare: Text,
{text} is a number,
"Text to test - a typed-in field, a value read back out of a save, a CSV or JSON cell.",
Text Is A Whole Number,
"True when this text would convert to a WHOLE number cleanly - a count, a level, a slot index. ""12"" passes and ""12.5"" does not, which is the only difference from Text Is A Number.",
{text} is a whole number,
"Text to test - a count, a level number, a save slot, a seed.",
Contains Any Of,
"True when the text contains at least ONE of the listed pieces - a chat filter, a keyword-triggered line, a tag-gated card. Unlike Text Is One Of, which needs the WHOLE text to equal an entry, this looks INSIDE the text. Matching is case-sensitive, and an empty list is never a match.",
{text} contains any of {options},
Text to search.,
Any Of,
"List of pieces to look for - written here, or a sheet variable someone can edit without touching this row.",
Contains All Of,
"True only when the text contains EVERY listed piece - a combo whose rule text names two keywords, a search box where all the words must match. An empty list counts as true, because nothing is missing.",
{text} contains all of {options},
All Of,
List of pieces that must ALL appear.,
Contains None Of,
"True when the text contains none of the listed pieces - the accept-this-name branch, written as the thing you want to act on instead of an Else. An empty list always passes.",
{text} contains none of {options},
None Of,
List of pieces that must NOT appear.,
Number From Text,
"Reads a number out of text, or hands back the fallback YOU chose - never a surprise zero. Pair it with Text Is A Number when the two cases need different rows. The text is read twice in the emitted line, so keep it a plain read and not something that changes the game.",
Variables: String,
number from {text} (or {fallback}),
Text to read a number out of.,
What you get back when the text is not a number.,
Whole Number From Text,
"Reads a whole number out of text, or hands back your fallback. ""12.5"" is not a whole number, so it lands on the fallback rather than quietly becoming 12 - when you want that rounding, use Number From Text and round the result yourself.",
whole number from {text} (or {fallback}),
Text to read a whole number out of.,
What you get back when the text is not a whole number.,
Is Nothing,
"True when there is nothing there: no value at all, empty text, an empty list (including an empty Split Text result), or an empty record - one row whatever the value turns out to be. A 0 is NOT nothing, because a score of zero is a real value, and neither is text made only of spaces (that is Text Is Blank).",
Compare: Types,
{value} is nothing,
"Anything - text, a list, a record, a reference.",
Has Something,
"True when there IS something there - a name was typed, the inventory has items, the save slot was written, the item slot is filled. The exact opposite of Is Nothing, for the times the filled case is the one you want to act on.",
{value} has something,
Number Or,
"The value when it really is a number, or your own default when it is missing, null, text, or anything else. A zero counts as a real number and is kept. Use it to put a loaded value straight into a whole-number or decimal variable without a guard row first. The value is read twice in the emitted line, so keep it a plain read and not something that changes the game.",
Variables,
"{value} as a number, or {fallback}",
"The untyped value to check - a save slot read, a JSON field, a Dictionary key.",
What you get back when it is not a number.,
Text Or,
"The value when it really is text with something in it, or your own default when it is missing, null, blank, or another kind of value. The classic use is a saved player name that falls back to ""Player"". The value is read twice in the emitted line, so keep it a plain read and not something that changes the game.",
"{value} as text, or {fallback}",
"What you get back when it is not text, or is blank.",
List Or,
"The value when it really is a list with items in it, or your own default when it is missing, null, empty, or another kind of value. A Split Text result counts as a list. Safe to feed straight into a For Each. The value is read twice in the emitted line, so keep it a plain read and not something that changes the game.",
"{value} as a list, or {fallback}",
"The untyped value to check - a loaded inventory, a JSON array, a Split Text result, a Dictionary key.",
"What you get back when it is not a list, or is empty.",
Record Or,
"The value when it really is a record (a dictionary) with keys in it, or your own default when it is missing, null, empty, or another kind of value. Pair it with Get Key so a whole missing settings block reads as defaults. The value is read twice in the emitted line, so keep it a plain read and not something that changes the game.",
"{value} as a record, or {fallback}",
"The untyped value to check - a loaded settings block, a JSON object, a Dictionary key.",
"What you get back when it is not a record, or is empty.",
Value Or,
"The value unless it is null, in which case your own default. This one guards nothing else: a zero, a blank text and an empty list all count as real values here. Use it for a method that can hand back null. The value is read twice in the emitted line, so keep it a plain read and not something that changes the game.",
"{value}, or {fallback} when it is nothing",
"Anything that might be null - a method result, a freed reference, a missing key.",
What you get back when it is null.,
Part Of,
"One named piece of a pair, a triple, a colour or a record: the up/down part of a velocity (the jump-or-fall test), the see-through part of a tint, the forward/back part of a 3D direction. Reads as a sentence instead of a typed-in .y. Pick a part the value actually has - a record that might be missing the field is the shipped Get Key (with default)'s job, because that one takes a fallback and this one does not.",
Variables: Vector,
the {part} part of {value},
"A Vector2, Vector3, Color or record to read one part of.",
Part,
Which named part to read.,
X (left / right),
Y (up / down),
Z (forward / back),
Red,
Green,
Blue,
Alpha (see-through),
Set Part Of,
"Changes one named part and leaves the rest alone: zero the vertical speed on landing and keep the horizontal, flatten a 3D direction to the ground plane, fade only the see-through part of a tint. Writing a part a record does not have yet ADDS it.",
set the {part} part of {var_name} to {value},
Variable or property,
"What to change one part of: a node's own member (velocity, modulate, position) picked from the list, or the name of a sheet variable holding a Vector, Color or record.",
Which named part to write.,
The new value for that one part.,
