keys,zh_CN
Sheet,事件表
Save,保存
Run Scene,运行场景
Add Event,添加事件
Add Condition,添加条件
Add Action,添加动作
Add Code,添加代码
Add,添加
Edit,编辑
View,视图
Tools,工具
Simple Mode,简易模式
Search,搜索
Cancel,取消
Open,打开
Undo,撤销
Redo,重做
Copy,复制
Paste,粘贴
Zoom In,放大
Zoom Out,缩小
Name,名称
Name:,名称：
Type,类型
Text,文本
Number,数字
Yes-No,是-否
Details,详情
Parameters,参数
Default,默认值
Tooltip,工具提示
Placeholder,占位文本
Range,范围
◀ Back,◀ 返回
★ Recent,★ 最近使用
⭐ Favorites,⭐ 收藏
✚ Apply & Add Another,✚ 应用并再添加一个
Save the sheet - compile-on-save keeps its generated script fresh (Ctrl+S).,保存事件表 - 保存时编译会让其生成的脚本保持最新（Ctrl+S）。
"Save, then play the scene that uses this sheet's script.",保存后，运行使用此事件表脚本的场景。
Add an event (E).,添加一个事件（E）。
Add a condition to the selected event (C).,为所选事件添加一个条件（C）。
Add an action to the selected event (A).,为所选事件添加一个动作（A）。
Add a GDScript block to the selected event - the deliberate 'drop to code' escape hatch. Opens the code editor immediately.,为所选事件添加一个 GDScript 代码块 - 特意保留的“回到代码”出口。会立即打开代码编辑器。
"Beginner-friendly view: hides the advanced/code entries (GDScript blocks, sub-conditions, pick filters, signals/enums). Everything still works when off.",适合新手的视图：隐藏高级/代码条目（GDScript 代码块、子条件、筛选条件、信号/枚举）。关闭后一切功能仍然可用。
"Toggle the generated-GDScript panel - the sheet's honest compiled output, side by side.",切换生成的 GDScript 面板 - 事件表真实的编译输出，并排显示。
Theme for this sheet (Load/Reload and the Theme Editor live in View),此事件表的主题（加载/重新加载和主题编辑器在“视图”菜单中）
"Quick add…  (e.g. every tick, heal 5)",快速添加…（例如 every tick、heal 5）
"Create, open, save, and configure this event sheet.",创建、打开、保存和配置此事件表。
"Panels, multi-view panes, theme, live values, and zoom.",面板、多视图窗格、主题、实时值和缩放。
"Debug tools, validation, import, and project workflow.",调试工具、验证、导入和项目工作流。
New…,新建…
Open…,打开…
Save As…,另存为…
Sheet Type…,事件表类型…
Manage Includes…,管理包含表…
Custom Actions…,自定义动作…
Export GDScript…,导出 GDScript…
Export Addon…,导出插件…
New Behaviour Addon…,新建行为插件…
Inspector Designer…,Inspector 设计器…
Teach a Verb - Share Published Verbs,传授动词 - 分享已发布的动词
Signal Event…,信号事件…
Global Variable…,全局变量…
Local Variable…,局部变量…
Function…,函数…
Code (GDScript) on Selected Event,在所选事件上添加代码（GDScript）
Note…,便签…
Region…,区域…
Preload Resource…,预加载资源…
Extract Selection to Include…,将所选内容提取到包含表…
Find References…,查找引用…
Generate from Description (AI)…,根据描述生成（AI）…
Simple Mode (beginner-friendly),简易模式（适合新手）
GDScript Panel (toggle),GDScript 面板（切换）
Open Sheets Panel,已打开事件表面板
Add-Event Rows,“+ 添加事件”行
Split View (toggle),拆分视图（切换）
Detached View (toggle),独立窗口视图（切换）
Link Views (toggle),联动视图（切换）
Load Theme…,加载主题…
Reload Theme,重新加载主题
Theme Editor…,主题编辑器…
MCP Server (AI tools),MCP 服务器（AI 工具）
"Hide the advanced/code entries (GDScript blocks, sub-conditions, pick filters, match, signals/enums) from the right-click menus. Everything still works in Expert mode.",在右键菜单中隐藏高级/代码条目（GDScript 代码块、子条件、筛选条件、match、信号/枚举）。专家模式下一切功能仍然可用。
Show/hide the generated-GDScript panel beside the sheet.,显示/隐藏事件表旁边生成的 GDScript 面板。
"Show/hide the trailing ""+ Add event…"" rows. Turn off for a cleaner, calmer sheet.",显示/隐藏末尾的“+ 添加事件…”行。关闭后事件表更简洁清爽。
"Show/hide a second synchronized view of this sheet, side by side.",显示/隐藏此事件表的第二个同步视图，并排显示。
Pop the sheet view out into its own window / bring it back.,将事件表视图弹出为独立窗口 / 收回。
Link/unlink scrolling between the split views.,联动/取消联动拆分视图之间的滚动。
Debug Breakpoints (toggle),调试断点（切换）
Live Values (toggle),实时值（切换）
Event Trace (live highlight),事件跟踪（实时高亮）
Bookmarks…,书签…
Register Autoload,注册 Autoload
Publish Preview…,发布预览…
Test Bench,测试台
Find in Project…,在项目中查找…
Project Doctor…,项目 Doctor…
Check Sheet for Errors,检查事件表错误
Vocabulary Doc,词汇文档
Sheet Backups…,事件表备份…
Save as Template,保存为模板
Attach to Selected Node,附加到所选节点
Preview Behaviors on Selected Node,在所选节点上预览行为
Lift Report…,导入报告…
Welcome…,欢迎…
Start the Tour…,开始导览…
Keyboard Shortcuts,键盘快捷键
Rename Everywhere…,全局重命名…
Change Type Everywhere…,全局更改类型…
Lint every ƒx expression + GDScript block; flag the offending rows and jump to the first.,检查每个 ƒx 表达式和 GDScript 代码块；标记有问题的行并跳转到第一处。
Toggle breakpoint emission: debug-compiled sheets pause at rows with breakpoints.,切换断点输出：以调试模式编译的事件表会在带断点的行暂停。
Toggle Live Values: running sheets stream their variables here (editable).,切换实时值：运行中的事件表会将其变量实时显示在此处（可编辑）。
+ Add action,+ 添加动作
+ Add condition,+ 添加条件
+ Add parameter,+ 添加参数
+ Add event…,+ 添加事件…
Every Tick,每帧
Always,总是
+  Add your first event,+  添加你的第一个事件
New from template…,从模板新建…
Create an event sheet…,创建事件表…
This event sheet is empty,此事件表为空
No event sheet is open,没有打开的事件表
Empty behavior sheet,空的行为事件表
Empty autoload sheet,空的 Autoload 事件表
Double-click anywhere - or press E - to add your first event.,双击任意位置 - 或按 E - 添加你的第一个事件。
Double-click anywhere - or press E - to add an event that drives the Node this attaches to.,双击任意位置 - 或按 E - 添加一个事件来驱动此表所附加的 Node。
Create one to start building - a menu of ready-made starters opens.,创建一个即可开始 - 会打开一个现成起步模板菜单。
"Add the signals and functions every sheet in the project should reach (score, game state, an event bus).",添加项目中每个事件表都应能访问的信号和函数（分数、游戏状态、事件总线）。
"Tip: the picker understands plain language. Try typing ""every tick"".",提示：选择器能理解日常语言。试试输入 “every tick”。
Tip: Tools > Welcome… has a playable showcase and a 2-minute tour.,提示：工具 > 欢迎… 中有可玩的演示和 2 分钟导览。
Tip: publish a function to the picker and every sheet in the project can call it.,提示：将函数发布到选择器后，项目中的每个事件表都能调用它。
%s - Behavior · acts on host: %s,%s - 行为 · 作用于宿主：%s
"%s - Autoload · one instance, project-wide",%s - Autoload · 单一实例，全项目可用
%s - Editor Tool · runs in the editor (File > Run),%s - 编辑器工具 · 在编辑器中运行（文件 > 运行）
%s - Custom Resource · every .tres of it is a data asset,%s - 自定义资源 · 它的每个 .tres 都是一份数据资产
Event Sheet · a script for the %s it's attached to,事件表 · 附加到 %s 上的脚本
%s - Custom Node · extends %s,%s - 自定义节点 · 继承自 %s
"Click to edit the sheet type (name, icon, host class).",点击编辑事件表类型（名称、图标、宿主类）。
Add Action / Condition,添加动作 / 条件
"Search actions, conditions, triggers...",搜索动作、条件、触发器…
Pin the highlighted entry to Favorites (or right-click any entry).,将高亮条目固定到收藏（或右键点击任意条目）。
Right-click any entry to pin it here.,右键点击任意条目即可固定到这里。
Entries you use appear here.,你用过的条目会显示在这里。
"Select a condition, action, or trigger to create a new event.",选择一个条件、动作或触发器来创建新事件。
Select an action to append to the selected event.,选择一个动作追加到所选事件。
Select a condition or trigger to append to the selected event.,选择一个条件或触发器追加到所选事件。
Untitled EventSheet,未命名事件表
Unsaved (in-memory),未保存（内存中）
Open Sheets,已打开的事件表
Filter sheets…,筛选事件表…
Filter the open sheets by name or path.,按名称或路径筛选已打开的事件表。
New Event,新建事件
New Condition,新建条件
Edit Action,编辑动作
Edit Condition,编辑条件
Delete Action,删除动作
Delete Condition,删除条件
Delete Function,删除函数
Replace Action,替换动作
Replace Condition,替换条件
Disable Action,禁用动作
Disable Condition,禁用条件
Invert Condition,反转条件
Add New Variable,添加新变量
Create Variable,创建变量
Edit Variable,编辑变量
Add a function…,添加函数…
Edit Note…,编辑便签…
Edit Events,编辑事件
Insert Snippet…,插入片段…
Extract All Actions to Function…,将全部动作提取为函数…
Group Under a Heading…,归入标题分组…
Export Grid to CSV…,将表格导出为 CSV…
Import Grid from CSV…,从 CSV 导入表格…
Export Text for Translation…,导出待翻译文本…
Import Translations…,导入翻译…
Detach Comment To Row,将注释拆分为独立行
Convert Scope,转换作用域
Toggle Constant,切换常量
Whole numbers only,仅限整数
Editable in the Inspector (a designer property),可在 Inspector 中编辑（设计师属性）
Constant (can't change at runtime),常量（运行时不可更改）
Set on _ready() - for node refs like $Player,在 _ready() 中设置 - 用于 $Player 之类的节点引用
"Text - words, names, messages.",文本 - 单词、名称、消息。
"A number - a count, score, position, speed… Tick ""Whole numbers only"" for integers.",数字 - 计数、分数、位置、速度… 勾选“仅限整数”可存整数。
"A yes/no, on/off switch (true / false).",是/否、开/关的开关（true / false）。
"An x/y pair: a direction, velocity, or position.",一对 x/y 值：方向、速度或位置。
An RGBA colour.,一个 RGBA 颜色。
An image / sprite resource.,图像 / 精灵资源。
Viewing as a sheet,以事件表方式查看
Open in Godot Script Editor,在 Godot 脚本编辑器中打开
Edit the .gd directly in Godot's script editor - your changes reload here when you come back to this tab.,直接在 Godot 的脚本编辑器中编辑 .gd 文件 - 回到此标签页时，你的修改会在这里重新加载。
Take the 2-minute tour,体验 2 分钟导览
Editor language,编辑器语言
Simple mode - hide advanced rows & menu items,简易模式 - 隐藏高级行和菜单项
Open the GDScript panel with every sheet,每次打开事件表时同时打开 GDScript 面板
Coming from another event-sheet tool?,从其他事件表工具转来？
Open the migration guide,打开迁移指南
Report an Issue…,报告问题…
Something not working right?,遇到问题了？
Report an issue,报告问题
Reopen this window any time: Tools → Welcome…,随时可重新打开此窗口：工具 → 欢迎…
Translations are plain CSV files - drop one into eventsheet_translations/ and its language appears here.,翻译只是普通的 CSV 文件 - 放一个到 eventsheet_translations/ 中，它的语言就会出现在这里。
The 2-minute tour,2 分钟导览
Read a sheet like a sentence,像读句子一样读事件表
Add your first event,添加你的第一个事件
Give it a condition,给它一个条件
Make it DO something,让它做点什么
See the honest GDScript,查看真实的 GDScript
You know the loop,你已掌握这套流程
Skip tour,跳过导览
Back,上一步
Next,下一步
Finish,完成
✓ Done - nice! Hit Next.,✓ 完成 - 很棒！点击“下一步”。
Hit Finish and go make something.,点击“完成”，去创造点什么吧。
"A coloured section label drawn above this property in the Inspector.
End with a #rrggbb to tint it. Editor decor only - plain comment in the code.","在 Inspector 中此属性上方绘制的彩色分区标签。
结尾加 #rrggbb 可为其着色。仅为编辑器装饰 - 在代码中只是普通注释。"
"A quiet info panel drawn above this property in the Inspector.
Editor decor only - plain comment in the code.","在 Inspector 中此属性上方绘制的低调信息面板。
仅为编辑器装饰 - 在代码中只是普通注释。"
"A shape over 0-1 (easing, falloff, ramps).",一条 0-1 区间的曲线（缓动、衰减、渐变）。
A whole number (no decimals) - stored as an int. Unticked stores a float.,整数（无小数）- 存储为 int。不勾选则存储为 float。
Access,访问权限
Advanced types,高级类型
Anatomy,结构
Any type - untyped (advanced; prefer a specific type when you can).,任意类型 - 无类型（高级；可能时请优先使用具体类型）。
Clamp to range,限制在范围内
Collapse the panel to a strip,将面板折叠为窄条
Default field,默认值字段
Description,描述
Dropped Node Preview,拖放节点预览
Easing curve (float: exponential ease handle),缓动曲线（float：指数缓动手柄）
Edit an Array/Dictionary's items one per line instead of typing a literal.,逐行编辑 Array/Dictionary 的元素，而不是手动输入字面量。
Edit items…,编辑元素…
"Event-sheet-style quick add: type an event/condition/action (event-sheet phrasing works) plus optional parameter values, press Enter.",事件表风格的快速添加：输入事件/条件/动作（支持事件表式表述），可附带参数值，然后按 Enter。
Every sheet function at a glance (✦ = published as an ACE). Click to expand or collapse.,一览事件表中的所有函数（✦ = 已发布为 ACE）。点击可展开或折叠。
Field button,字段按钮
Flags,标志位
From enum,来自枚举
Group under heading,归入标题分组
"How this variable's field LOOKS in the Inspector - pickers, flags, layer grids... Plain fields need no choice here.",此变量的字段在 Inspector 中的外观 - 选择器、标志位、层网格… 普通字段无需在此选择。
Info note,信息便签
"Inspector grouping, conditional show/lock, an on-changed callback, clamp, read-only - for variables that reference other variables or functions.",Inspector 分组、条件显示/锁定、on-changed 回调、范围限制、只读 - 适用于引用其他变量或函数的变量。
Inspector look,Inspector 外观
Inspector preview,Inspector 预览
Inspector section header (e.g. Combat),Inspector 分区标题（例如 Combat）
Lock unless,锁定，除非
"Make this sheet's published verbs (its exposed ƒ functions) available in EVERY sheet's picker, node-targeted at $<ClassName>. Extract actions to a function first (right-click an event), then teach it here.",让此事件表已发布的动词（其公开的 ƒ 函数）出现在所有事件表的选择器中，以 $<ClassName> 为目标节点。请先将动作提取为函数（右键点击事件），再在这里传授它。
Match Editor (default),匹配编辑器（默认）
Multiline (String: big text box),多行（String：大文本框）
"No alpha (Color: solid RGB, no transparency)",无 Alpha（Color：纯 RGB，不透明）
No lower limit,无下限
No upper limit,无上限
On changed,更改时
On ready,就绪时（ready）
"On: a designer can tweak this per-instance in the Inspector (@export var).
Off: internal script state - a plain private var (the default for a new variable).","开启：设计师可在 Inspector 中按实例调整（@export var）。
关闭：脚本内部状态 - 普通私有变量（新变量的默认设置）。"
"On: compiles to @onready var - the Default is a GDScript EXPRESSION evaluated when the node enters the tree (e.g. $Player, get_node(""UI/Score"")), not a literal.
Use it to grab a node reference once the scene is ready.","开启：编译为 @onready var - 默认值是节点进入场景树时求值的 GDScript 表达式（例如 $Player、get_node(""UI/Score"")），而不是字面量。
用它在场景就绪后获取节点引用。"
"One column per entry: name:type (String, int, float, bool, color for a swatch, or enum(a|b|c) for a dropdown).
Each Array element becomes a row with these cells.","每个条目一列：名称:类型（String、int、float、bool，color 显示色块，enum(a|b|c) 显示下拉框）。
Array 的每个元素都会成为带这些单元格的一行。"
Optional Inspector polish for exported globals - everything compiles to plain Godot annotations.,为导出的全局变量提供可选的 Inspector 修饰 - 一切都会编译为普通的 Godot 注解。
Options (combo),选项（下拉框）
Pick the Inspector look from picture tiles instead of the list.,通过图片磁贴而非列表来选择 Inspector 外观。
Read-only,只读
"Renders a small button with this field that calls the named sheet function.
Needs a @tool sheet to act in-editor. Label optional (defaults to the function name).","在此字段旁渲染一个小按钮，用于调用指定的事件表函数。
需要 @tool 事件表才能在编辑器中生效。标签可选（默认为函数名）。"
Required (warn in the Inspector while unset),必填（未设置时在 Inspector 中警告）
Save Studio…,保存 Studio…
"Scaffold a ready-to-edit behaviour script in res://eventsheet_addons/ - its signals become triggers, methods become actions/conditions, and @export vars become properties, all auto-discovered as custom ACEs.",在 res://eventsheet_addons/ 中生成一个可直接编辑的行为脚本 - 它的信号会成为触发器，方法会成为动作/条件，@export 变量会成为属性，全部自动发现为自定义 ACE。
Section header,分区标题
"See the WHOLE sheet's Inspector as one live view - every exported variable with its decor, grouping, and widget, exactly as Godot will show it.",以一个实时视图查看整个事件表的 Inspector - 每个导出变量及其装饰、分组和控件，与 Godot 的实际显示完全一致。
Show as,显示为
Show if,显示条件
Shown after the number in the Inspector (suffix:px).,显示在 Inspector 中数字之后（suffix:px）。
"Shows a red warning above the field until a value is assigned
(a Resource left empty, a String left blank). Editor-only.","在字段上方显示红色警告，直到赋值为止
（如 Resource 留空、String 为空白）。仅编辑器内有效。"
Slider extras,滑块附加选项
"Start editing this sheet here. From then on, Save (Ctrl+S) updates the file - or use Save As… to keep the original and save a copy.",从这里开始编辑此事件表。之后，保存（Ctrl+S）会更新文件 - 或使用另存为… 保留原文件并保存副本。
Sub-heading,子标题
"Swap the Inspector field for a richer drawer (dial, swatches, curve…).
Graceful: a plain field without the editor plugin (parity preserved).","将 Inspector 字段换成更丰富的控件（旋钮、色板、曲线…）。
优雅降级：没有编辑器插件时显示为普通字段（保持一致性）。"
Table columns,表格列
"The Inspector calls this function while the property is edited and shows
the returned message above the field. Needs a @tool sheet to run in-editor.","Inspector 会在编辑该属性时调用此函数，并将
返回的消息显示在字段上方。需要 @tool 事件表才能在编辑器中运行。"
The slider stops at max but typing a bigger number is allowed (or_greater).,滑块在最大值处停止，但允许输入更大的数字（or_greater）。
"The variable's type. For a node reference, type the node's class (Sprite2D, Label, Area2D…) or leave Variant.",变量的类型。若是节点引用，请输入节点的类名（Sprite2D、Label、Area2D…）或保留 Variant。
"Turn the MCP server (AI-assistant tools) on/off. When off, connected AI clients see no tools and can't read or change your sheets. Takes effect live - no reconnect needed.",开启/关闭 MCP 服务器（AI 助手工具）。关闭时，已连接的 AI 客户端看不到任何工具，也无法读取或修改你的事件表。即时生效 - 无需重新连接。
Typing below min is allowed (or_less).,允许输入低于最小值的数字（or_less）。
Validate with,验证函数
"Write this sheet's plain, standalone GDScript to a file you own. No plugin dependency - proof you can leave the addon anytime.",将此事件表的纯净、独立 GDScript 写入你自己的文件。不依赖插件 - 证明你随时可以离开此插件。
accent label above (e.g. Combat #e06666),上方的强调标签（例如 Combat #e06666）
bool variable (hidden when false),bool 变量（为 false 时隐藏）
bool variable (read-only when false),bool 变量（为 false 时只读）
"columns, e.g. item:String, count:int, rare:bool","列定义，例如 item:String, count:int, rare:bool"
"comma-separated, e.g. easy, normal, hard (String only)","逗号分隔，例如 easy, normal, hard（仅限 String）"
"function and button label, e.g. reroll_stats Reroll",函数与按钮标签，例如 reroll_stats Reroll
grey hint shown when the field is empty,字段为空时显示的灰色提示
"min, max, step (numeric: slider)",最小值、最大值、步长（数值：滑块）
nested section under the group (e.g. Melee),分组下的嵌套分区（例如 Melee）
note panel above (e.g. Shared resource - edits affect every user.),上方的便签面板（例如：共享资源 - 修改会影响所有使用者。）
sheet function called after assignment,赋值后调用的事件表函数
sheet function returning a warning String (empty = valid),返回警告 String 的事件表函数（为空 = 有效）
"type - e.g. Node2D, Label, Sprite2D (or Variant for any)",类型 - 例如 Node2D、Label、Sprite2D（或用 Variant 表示任意）
"unit, e.g. px",单位，例如 px
what this variable is for - shown as its description in the Inspector,此变量的用途 - 会作为其描述显示在 Inspector 中
"▸  Advanced (grouping, conditions, clamp…)",▸  高级（分组、条件、范围限制…）
"▸  More options (range, drawer, grouping…)",▸  更多选项（范围、控件、分组…）
Create Code Region,创建代码区域
Create Code Region…,创建代码区域…
Doc comment,文档注释
Documentation shown above the function (## …). BBCode like [b]bold[/b] is allowed.,显示在函数上方的文档（## …）。允许使用 [b]bold[/b] 之类的 BBCode。
Getter body,Getter 函数体
Setter body,Setter 函数体
Setter parameter,Setter 参数
The name of the setter's incoming-value parameter (defaults to `value`).,Setter 传入值参数的名称（默认为 `value`）。
The statements that run when this variable is assigned (`set(value):`). Use `value` for the incoming value. Leave blank for no setter.,当此变量被赋值时执行的语句（`set(value):`）。用 `value` 表示传入值。留空则不生成 setter。
"The statements that run when this variable is read (`get:`), ending in `return …`. Leave blank for no getter.",当此变量被读取时执行的语句（`get:`），以 `return …` 结尾。留空则不生成 getter。
"getter body, e.g.  return _health",getter 函数体，例如  return _health
"setter body, e.g.  health = clampi(value, 0, max_health)","setter 函数体，例如  health = clampi(value, 0, max_health)"
A faint tint over the actions (right) lane.,动作（右侧）栏上的淡淡色调。
A faint tint over the conditions (left) lane.,条件（左侧）栏上的淡淡色调。
"Accent (groups, selection)",强调色（分组、选中）
Action Lane Color,动作栏颜色
Action Lane Padding,动作栏内边距
Action cells,动作单元格
Alternate group header background (zebra).,分组标题的交替背景（斑马纹）。
Apply To Current Sheet,应用到当前事件表
Background of a group header row.,分组标题行的背景。
Background of the Conditions / Actions column header bar.,条件 / 动作列标题栏的背景。
Background of the fold triangle box on a group.,分组上折叠三角框的背景。
Badge Background Color,徽章背景色
Badge Extra Width,徽章额外宽度
Badge Foreground Color,徽章前景色
Base (background tone),基色（背景色调）
Behavior Accent Color,行为强调色
Border of the condition/action chip.,条件/动作条目的边框。
Cell Corner Radius,单元格圆角半径
Cell Hover Color,单元格悬停颜色
Chip Background Color,条目背景色
Chip Border Color,条目边框色
Chip Hover Color,条目悬停色
Chip fill when hovered.,悬停时条目的填充色。
Close,关闭
Column Header Actions Color,列标题“动作”颜色
Column Header Background Color,列标题背景色
Column Header Conditions Color,列标题“条件”颜色
Comment Row Background Color,注释行背景色
Comment Text Color,注释文本颜色
Condition Badge Column Width,条件徽章列宽
Condition Lane Color,条件栏颜色
Condition Lane Padding,条件栏内边距
Condition Lane Ratio,条件栏比例
Condition cells,条件单元格
Corner Radius,圆角半径
Corner roundness of group rows (0 = square bar).,分组行的圆角程度（0 = 方形条）。
Corner roundness of individual condition/action cells.,每个条件/动作单元格的圆角程度。
Corner roundness of region marker bubbles.,区域标记气泡的圆角程度。
"Corner roundness of the chip, in pixels.",条目的圆角程度，单位为像素。
"Corner roundness of the event block, in pixels (0 = square).",事件块的圆角程度，单位为像素（0 = 方形）。
"Editor (hover, selection, lanes)",编辑器（悬停、选中、栏）
Event Corner Radius,事件圆角半径
"Extra width reserved for the role badge on the chip, in pixels.",为条目上的角色徽章预留的额外宽度，单位为像素。
Fill of the condition/action chip.,条件/动作条目的填充色。
Fill of the count badge on a group.,分组上计数徽章的填充色。
Fill of the role badge on the chip.,条目上角色徽章的填充色。
"Fill of the trigger arrow badge (On Ready, On Signal...).",触发器箭头徽章的填充色（On Ready、On Signal…）。
Font Size Delta,字号增减
Gap After,后方间距
Generate Theme,生成主题
Group Accent Color,分组强调色
Group Background Alt Color,分组交替背景色
Group Background Color,分组背景色
Group Badge Background Color,分组徽章背景色
Group Badge Foreground Color,分组徽章前景色
Group Corner Radius,分组圆角半径
Group Fold Background Color,分组折叠框背景色
Group Title Color,分组标题颜色
"Height of a single event row, in pixels - raise it for more breathing room.",单个事件行的高度，单位为像素 - 调大可获得更多留白。
Horizontal Padding,水平内边距
Hover Fill Color,悬停填充色
How much of the row width the conditions lane takes (0.2 - 0.8).,条件栏占行宽的比例（0.2 - 0.8）。
Icon/text colour on the trigger badge.,触发器徽章上图标/文字的颜色。
"Inner padding on the actions lane, in pixels.",动作栏的内边距，单位为像素。
"Inner padding on the conditions lane, in pixels.",条件栏的内边距，单位为像素。
Invert Marker Color,反转标记颜色
Lane Divider Color,栏分隔线颜色
Lane Divider Width,栏分隔线宽度
Language Block Accent Color,语言块强调色
Line thickness of region marker borders.,区域标记边框的线条粗细。
Minimum Conditions Lane Width,条件栏最小宽度
Minimum Row Height,行最小高度
Object Label Color,对象标签颜色
"Parameter values (numbers, strings) highlighted inside ACE text.",在 ACE 文本中高亮显示的参数值（数字、字符串）。
"Pick a base + accent, then Generate. Fine-tune individual tokens below.",选择基色 + 强调色，然后点击生成。可在下方微调各个颜色项。
Quick Style - recolour everything at once,快速样式 - 一次性重新着色
Rebuild every colour token from the three colours above.,根据上方三种颜色重建所有颜色项。
Region Corner Radius,区域圆角半径
Region Line Width,区域线宽
Reset To Default,重置为默认
Restore the bundled default look.,恢复自带的默认外观。
Row Background Alt Color,行交替背景色
Row Background Color,行背景色
Row Border Color,行边框颜色
Save As Preset…,保存为预设…
Selection Fill Color,选中填充色
Sheet & rows (event style),事件表与行（事件样式）
Sheet Background Color,事件表背景色
"Space between this chip and the next one, in pixels.",此条目与下一个条目之间的间距，单位为像素。
"Space inside the chip, above and below its text, in pixels.",条目内部文字上下的间距，单位为像素。
"Space inside the chip, left and right of its text, in pixels.",条目内部文字左右的间距，单位为像素。
Text Color,文本颜色
Text colour of the role badge.,角色徽章的文字颜色。
Text colour on the group count badge.,分组计数徽章上的文字颜色。
"Text size adjustment for this chip kind, relative to the sheet font (+/- points).",此类条目的文字大小调整，相对于事件表字体（+/- 磅）。
The 'Actions' header label colour.,“动作”标题标签的颜色。
The 'Conditions' header label colour.,“条件”标题标签的颜色。
The background of a normal event row.,普通事件行的背景。
The background of every OTHER row (the zebra stripe).,每隔一行的背景（斑马纹）。
The banner colour behind a full-width comment.,全宽注释背后的横幅颜色。
"The colour behind the whole sheet, outside the rows.",整个事件表背后、行以外区域的颜色。
The conditions lane never shrinks below this many pixels.,条件栏的宽度不会缩小到低于此像素值。
The group title text colour.,分组标题文字的颜色。
The group's left accent stripe and hairlines.,分组左侧的强调条纹和细线。
The highlight over a selected row.,选中行上的高亮。
"The object/origin label before each condition/action (System, node class).",每个条件/动作前的对象/来源标签（System、节点类）。
The red X shown on an inverted (negated) condition.,反转（取反）条件上显示的红色 X。
"The soft-purple 'this is a behavior' accent (banner, region default).",柔和紫色的“这是一个行为”强调色（横幅、区域默认色）。
"The stripe + wash on language blocks (a data class, a host binding, a switch case) so they read as code structure, not regular events.",语言块（数据类、宿主绑定、switch 分支）上的条纹和底色，让它们读起来是代码结构，而非普通事件。
The text colour of comments.,注释的文字颜色。
The text colour of the chip.,条目的文字颜色。
The thin line between rows.,行与行之间的细线。
The tint over the row under the mouse.,鼠标所在行上的色调。
The vertical line splitting conditions from actions.,分隔条件与动作的竖线。
Theme Editor,主题编辑器
Thickness of the conditions/actions divider line.,条件/动作分隔线的粗细。
Tint over a single condition/action cell under the mouse.,鼠标所在的单个条件/动作单元格上的色调。
Trigger Badge Background Color,触发器徽章背景色
Trigger Badge Foreground Color,触发器徽章前景色
Value Highlight Color,数值高亮颜色
Vertical Padding,垂直内边距
Width reserved for the trigger/condition badge column.,为触发器/条件徽章列预留的宽度。
Add Comment Sub-Event,添加注释子事件
Add GDScript Action,添加 GDScript 动作
Add Match To Actions…,向动作添加 match…
Add Pick Filter (For Each)…,添加筛选条件（For Each）…
Add Sub-Condition,添加子条件
Add Sub-Event,添加子事件
Attach To Event Above,附加到上方事件
Clear Else,移除“否则”
Clear Else-If,移除“否则如果”
Close Group,折叠分组
Comment,注释
Convert to AND Block,转换为 AND 块
Convert to OR Block,转换为 OR 块
Copy as Text,复制为文本
Cut,剪切
Delete,删除
Disable / Enable Selection,禁用 / 启用所选内容
Disable Row,禁用行
Duplicate,创建副本
Duplicate Selection,为所选内容创建副本
Edit Comment…,编辑注释…
Edit Description…,编辑描述…
Enable Row,启用行
Enum,枚举
Event Above,上方事件
Event Below,下方事件
Find Usages (project),查找用法（项目范围）
GDScript Block,GDScript 代码块
Group,分组
Group Color…,分组颜色…
Group Selection into New Group,将所选内容归入新分组
Insert,插入
Make Else,设为“否则”
Make Else-If,设为“否则如果”
More,更多
Open / Close Group,展开 / 折叠分组
Open Group,展开分组
Open in Split,在拆分视图中打开
Runtime Toggleable,可在运行时切换
Save Selection as Snippet…,将所选内容保存为片段…
Scope Actions To Node…,将动作限定到节点…
Set Breakpoint Condition…,设置断点条件…
Signal Handler,信号处理器
Variable,变量
Else,否则
Else If,否则如果
"A list of numbers (Array[float]) - weights, timings, chances.",数字列表（Array[float]） - 权重、计时、几率。
"A list of text entries (Array[String]) - names, lines, tags.",文本条目列表（Array[String]） - 名称、台词、标签。
"A list of whole numbers (Array[int]) - scores, ids, tile indexes.",整数列表（Array[int]） - 分数、id、图块索引。
A list that can hold anything (mixed types allowed).,可以容纳任何内容的列表（允许混合类型）。
Action Object Column Width,动作对象列宽度
Condition Object Column Width,条件对象列宽度
Designer Template,设计师模板
Fixed width of the object-name column in the actions lane (0 = text flows after each name). Also set by dragging the name/text gap in a row.,动作栏中对象名称列的固定宽度（0 = 文本紧跟在每个名称之后）。也可以通过拖动行内名称/文本之间的间隔来设置。
Fixed width of the object-name column in the conditions lane (0 = text flows after each name). Also set by dragging the name/text gap in a row.,条件栏中对象名称列的固定宽度（0 = 文本紧跟在每个名称之后）。也可以通过拖动行内名称/文本之间的间隔来设置。
Group Row Height,分组行高度
"Height of a group header bar, in pixels - double an event row by default; lower it for the classic slim bar.",分组标题栏的高度（像素） - 默认是事件行的两倍；想要经典的窄条样式可以调低。
Language,语言
"Make your own data asset in three questions: name one entry, list its columns, done - a Resource whose Inspector is a fill-in table, saved as .tres files designers edit.",回答三个问题就能做出自己的数据资产：给一条条目命名、列出它的列，完成 - 一个 Inspector 变成填写表格的 Resource，保存为设计师可编辑的 .tres 文件。
Named anything (by text key) - a flexible data bag.,命名的任意值（按文本键） - 灵活的数据袋。
"Named numbers (by text key) - e.g. volumes[""music""] = 0.8.","命名的数字（按文本键） - 例如 volumes[""music""] = 0.8。"
Named slots holding anything: look values up by a key.,可存放任何内容的命名槽位：按键查找值。
"Named text (by text key) - e.g. lines[""greeting""].","命名的文本（按文本键） - 例如 lines[""greeting""]。"
"Named whole numbers (by text key) - e.g. costs[""sword""] = 10.","命名的整数（按文本键） - 例如 costs[""sword""] = 10。"
New Custom Resource…,新建自定义资源…
New Editor Tool…,新建编辑器工具…
Object Icons,对象图标
"Start an editor-side tool sheet: its events run INSIDE the editor (script editor > File > Run), never in the game - batch renames, scene checks, one-click chores.",创建一个编辑器端工具事件表：它的事件在编辑器内部运行（脚本编辑器 > File > Run），绝不会在游戏中运行 - 适合批量重命名、场景检查、一键杂务。
Switch the EventSheets editor language. Drop a translation CSV into addons/eventsheet/translations/ and it appears here automatically.,切换 EventSheets 编辑器语言。把翻译 CSV 放入 addons/eventsheet/translations/，它就会自动出现在这里。
"Makes your own data asset: a Resource with a table designers fill in the Inspector and save as .tres files - loot tables, dialogue lines, wave plans, anything that is rows of data. No annotations to learn; describe the rows and the sheet is generated.",生成你自己的数据资产：一个带表格的 Resource，设计师在 Inspector 中填写并保存为 .tres 文件 - 掉落表、对话台词、波次计划，任何按行组织的数据都行。无需学习任何注解；描述好行，事件表就会自动生成。
What are you making?,你要做什么？
One entry is a…,一条条目是…
Resource name,资源名称
What does an entry have?,一条条目包含什么？
"One column per line. Plain words make a text column; add "": float"", "": int"", or "": bool"" for numbers and toggles; list choices with | for a dropdown.

name
kind: coin|gem|key
weight: float","每行一列。普通词语会成为文本列；加上 "": float""、"": int"" 或 "": bool"" 表示数字和开关；用 | 列出选项即可得到下拉框。

name
kind: coin|gem|key
weight: float"
Before it works,生效之前
Warn in the Inspector until the table has rows (required),在表格有行之前，在 Inspector 中给出警告（必填）
"Add a validation check (a function warning about bad data, live)",添加验证检查（实时警告错误数据的函数）
Creates a ready-to-edit validate function: it runs while the table is edited in the Inspector and shows any warning it returns above the field. Add your own rules as condition rows.,创建一个可直接编辑的 validate 函数：在 Inspector 中编辑表格时它会运行，并把返回的警告显示在字段上方。用条件行添加你自己的规则。
Inspector button,Inspector 按钮
"Show this function as a one-click button in the Inspector, labelled with this text. Pressing the button runs the function's rows - great for editor chores like re-baking, refilling, or validating.",把这个函数显示为 Inspector 中的一键按钮，并用此文本作为标签。按下按钮会运行函数的行 - 非常适合重新烘焙、重新填充、验证等编辑器杂务。
Plain GDScript - anything valid in an expression works here. Ctrl+Space completes sheet variables/functions and host members. Alt+Enter grows the box for a long expression (and shrinks it back).,纯 GDScript - 表达式中有效的任何内容都可以在这里使用。Ctrl+Space 补全事件表变量/函数和宿主成员。Alt+Enter 会放大输入框以容纳长表达式（也能再缩回去）。
"Find Expressions - open the expressions dictionary (floating: double-click inserts, stays open until you close it)",查找表达式 - 打开表达式字典（浮动窗口：双击插入，在你关闭之前一直保持打开）
Expressions dictionary,表达式字典
Double-click to insert at the cursor - the dictionary stays open so results chain. You can also just type in the field: the same expressions autocomplete as you go.,双击即可在光标处插入 - 字典保持打开，方便连续插入。你也可以直接在字段中输入：同样的表达式会随输入自动补全。
Loop index (optional),循环索引（可选）
"Name a counter that runs 0, 1, 2... each pass - Construct's loopindex. Read it with the Loop Index expression; give nested loops distinct names and read an outer one with Loop Index Of.","给一个每轮从 0, 1, 2... 递增的计数器命名 - 即 Construct 的 loopindex。用 Loop Index 表达式读取它；给嵌套循环起不同的名字，用 Loop Index Of 读取外层循环。"
Write one value per line (multi-line enum),每行写一个值（多行枚举）
"Off: enum State { IDLE, RUN }. On: each value on its own tab-indented line - the usual shape for long enums with explicit numbers.","关闭时：enum State { IDLE, RUN }。开启时：每个值单独占一行并以制表符缩进 - 带显式数字的长枚举的常见写法。"
Addon Pack,插件包
Make your own data asset,制作你自己的数据资产
"Sheets aren't only for gameplay: Sheet > New Custom Resource… asks three plain questions (what one entry is called, what columns it has, whether it's required) and builds a data asset whose Inspector is a fill-in table - loot tables, dialogue lines, wave plans. Designers fill rows and save .tres variants; your sheets load them. And Sheet > New Editor Tool… makes one-click editor chores the same way.",事件表不只服务于玩法：Sheet > New Custom Resource… 会问三个简单问题（一条条目叫什么、有哪些列、是否必填），然后构建一个 Inspector 变成填写表格的数据资产 - 掉落表、对话台词、波次计划。设计师填写行并保存 .tres 变体；你的事件表加载它们。Sheet > New Editor Tool… 也以同样的方式生成一键编辑器杂务。
Peek at Sheet > New Custom Resource… (Esc closes it without creating anything).,看一眼 Sheet > New Custom Resource…（按 Esc 关闭，不会创建任何内容）。
Connect Signal to Event Sheet,将信号连接到事件表
Connect,连接
%s - pick a signal,%s - 选择信号
An On <Signal> event is added to the node's sheet; its actions run when the signal fires.,On <Signal> 事件将添加到节点的事件表中；信号触发时执行其动作。
Filter signals...,筛选信号...
Connected %s - add actions to the new event.,已连接 %s - 请为新事件添加动作。
Open the EventSheet workspace to connect signals.,请打开 EventSheet 工作区以连接信号。
Bold (Ctrl+B),粗体 (Ctrl+B)
Italic (Ctrl+I),斜体 (Ctrl+I)
Underline (Ctrl+U),下划线 (Ctrl+U)
Strikethrough (Ctrl+Shift+S),删除线 (Ctrl+Shift+S)
Wrap the selection in [color=...] (edit the hex after),用 [color=...] 包裹所选内容（之后可修改颜色）
Loaded: (unsaved EventSheet),已加载：(未保存的 EventSheet)
Event Numbers,事件编号
Aligned Object Columns,对齐对象列
Outline…,大纲…
Outline,大纲
Go to Event,跳转到事件
Go to Event Number…,跳转到事件编号…
Bookmarks,书签
◂ Previous,◂ 上一个
Next ▸,下一个 ▸
Clear All,全部清除
Current sheet,当前事件表
Filter,筛选
Edit Values Across Selection…,批量编辑所选值…
Select All Events Using This,选择使用此项的所有事件
Replace Object References…,替换对象引用…
Paste Special…,选择性粘贴…
Replace Object References,替换对象引用
Retarget the selection,重定向所选内容
Replace,替换
From,从
To,到
Add Field…,添加字段…
Remove Field,移除字段
Add Field,添加字段
New field on this data class,此数据类的新字段
all,全部
Action,动作
Condition,条件
Expression,表达式
Trigger,触发器
Signal,信号
gives back %s,返回 %s
emits %s,发出 %s
waits,等待
static,静态
internal,内部
★ featured,★ 精选
text,文本
number,数字
true/false,true/false
point,坐标
color,颜色
any,任意
Edit Parameter,编辑参数
Add Parameter,添加参数
Apply,应用
Delete this parameter,删除此参数
Edit the whole verb…,编辑整个动词…
e.g. amount,例如 amount
leave empty to make it required,留空表示必填
what this input is for,此输入的用途
A parameter needs a name.,参数需要一个名称。
Updated the parameter.,已更新参数。
Removed the parameter.,已删除参数。
e.g. Re-bake  (empty = no button),例如 重新烘焙（留空 = 无按钮）
"What this verb is called. Write it in plain words - ""Take Damage"" becomes take_damage in the generated GDScript. Other rows call the verb by this name.","这个动词叫什么。用平实的词语书写 - ""Take Damage"" 在生成的 GDScript 中会变成 take_damage。其他行通过这个名称调用该动词。"
Godot's own documentation for this verb. It is written above the function as ## lines and shows up in the editor's built-in help and when hovering the verb elsewhere. Optional.,这个动词的 Godot 原生文档。它以 ## 行的形式写在函数上方，会出现在编辑器的内置帮助中，以及悬停该动词时。可选。
"Puts a clickable button on this node's Inspector panel, labelled with whatever you type here. Pressing it runs this verb right there in the editor - handy for chores like re-baking a level or filling in test data. Leave it empty (the usual case) and no button appears.",在该节点的 Inspector 面板上放置一个可点击按钮，标签就是你在这里输入的文字。按下它会直接在编辑器中运行这个动词 - 适合重新烘焙关卡、填充测试数据这类杂活。留空（通常情况）则不会出现按钮。
"The kind of value this verb hands back to whoever asked - a number, some text, a true/false, a position, and so on. Pick the one that matches what the verb works out.",这个动词返回给调用方的值的类型 - 数字、文本、true/false、坐标等等。选择与该动词实际算出的东西相符的一项。
"One line saying what this verb does. It shows beside the verb in the picker, so it is what somebody reads when deciding whether this is the verb they want.",一句话说明这个动词做什么。它显示在选择器中动词的旁边，也就是别人判断这是不是自己要用的动词时读到的内容。
"The friendly name shown in the picker instead of the function name - ""Deal Damage"" reads better than deal_damage. Leave it empty to let it default from the verb name.","在选择器中代替函数名显示的友好名称 - ""Deal Damage"" 比 deal_damage 更好读。留空则从动词名自动生成。"
"Which section of the picker files this verb. Verbs sharing a category are grouped together, so a pack usually puts all of its verbs under one - its own name works well.",这个动词归入选择器的哪个分区。同一分类的动词会归在一起，所以一个包通常把自己所有的动词放在同一个分类下 - 用包自己的名字就很合适。
"What this input is called. It becomes the parameter's name in the generated GDScript, and the label on the verb's row, so plain words beat abbreviations.",这个输入叫什么。它会成为生成的 GDScript 中的参数名，以及动词行上的标签，所以平实的词语胜过缩写。
"What kind of value this input accepts - a number (int / float), text (String), a true/false (bool), a position (Vector2 / Vector3), or Variant for anything at all.",这个输入接受什么类型的值 - 数字（int / float）、文本（String）、true/false（bool）、坐标（Vector2 / Vector3），或者用 Variant 接受任何东西。
"An optional starting value, so whoever uses the verb can skip this input. Written as GDScript (10, 1.5, ""idle"", true). GDScript requires inputs WITH a default to come last, so filling this in may move the parameter down.","可选的初始值，让使用该动词的人可以跳过这个输入。按 GDScript 书写（10、1.5、""idle""、true）。GDScript 要求带默认值的输入排在最后，所以填了这里可能会把该参数往下移。"
"One line explaining this input. It shows in the picker beside the field, which is where somebody decides what to type into it.",解释这个输入的一句话。它显示在选择器中该字段旁边，也就是别人决定往里填什么的地方。
Removes the input from the verb entirely. Anything already calling the verb loses the value it was passing here.,将该输入从动词中彻底移除。已经在调用该动词的地方会失去原本传给这里的值。
"Each parameter has a name, type, optional default value, and description.",每个参数都有名称、类型、可选的默认值和说明。
A GDScript boolean expression - the body runs only when all hold (e.g. host.enabled).,一个 GDScript 布尔表达式 - 只有全部成立时才会执行主体（例如 host.enabled）。
Publishes the verb into pickers as the chosen kind.,以所选的种类把该动词发布到选择器中。
Optional default value (a GDScript expression). Defaulted params must come last.,可选的默认值（一个 GDScript 表达式）。带默认值的参数必须排在最后。
Remove this parameter.,移除此参数。
Remove this condition.,移除此条件。
New Function,新建函数
"Action, Condition, or Expression?",动作、条件还是表达式？
Function,函数
Edit Function…,编辑函数…
+ describe this function,+ 描述此函数
+ category,+ 分类
Function names must be valid identifiers (e.g. take_damage).,函数名必须是有效的标识符（例如 take_damage）。
Publish to the picker (other sheets can use it),发布到选择器（其他表可以使用）
"Drag this label sideways to scrub the value (Shift = fine, Ctrl = coarse).","左右拖动此标签可调整数值 (Shift = 精细, Ctrl = 粗略)。"
Curate Script…,整理脚本…
Parameters…,参数…
Keep Old Name…,保留旧名称…
Keep the old name working,让旧名称继续可用
Add Shim,添加转发函数
the previous function name,之前的函数名
Write Annotations,写入注解
Publish New Version…,发布新版本…
Name Raw Calls…,命名原始调用…
Compact Rows,紧凑行
Remember Between Runs,在运行之间记住
Add Entry…,添加条目…
Edit Entry…,编辑条目…
Remove Entry,移除条目
Lock Verb Body (read-only),锁定动词主体（只读）
State,状态
is one of,是以下之一
or,或
and,和
more,更多
values,个值
default,默认
+ Add value…,+ 添加值…
Runs in editor,在编辑器中运行
Remembered variables,记住的变量
Setup lines,设置行数
double-click to edit in code,双击以在代码中编辑
Host binding,宿主绑定
decides by state,按状态决定
states below,个状态
decides by,按以下决定
branches below,个分支
Not,非
(animations),（动画）
(no backups yet - they appear from the second save on),（尚无备份 - 从第二次保存开始出现）
(no enums on this sheet),（此表中没有枚举）
(no match - keep typing),（无匹配 - 继续输入）
(or choose),（或选择）
(or type your own...),（或自行输入...）
(plain),（普通）
Autoload (always-on singleton),自动加载（常驻单例）
Behavior (acts on parent),行为（作用于父节点）
Behavior Component (signal-driven),行为组件（信号驱动）
Blank Sheet,空白表
Children,子节点
Copy annotation stub,复制注解模板
Copy registrar snippet,复制注册代码片段
Custom Node,自定义节点
Custom Resource (data + logic),自定义资源（数据+逻辑）
Custom Resource (data asset),自定义资源（数据资产）
Editor Tool,编辑器工具
Editor Tool (one-click chore),编辑器工具（一键任务）
Entity System (Autoload),实体系统（自动加载）
Event Bus (Autoload),事件总线（自动加载）
Event Sheet,事件表
Fast (60),快（60）
First-Person Controller (3D),第一人称控制器（3D）
GDScript iterable,GDScript 可迭代对象
Game State (Autoload),游戏状态（自动加载）
Hide this verb,隐藏此动词
Major - breaking changes,主版本 - 不兼容变更
"Minor - new verbs, nothing breaks",次版本 - 新动词，不破坏兼容
No actions or conditions were found on the dropped node.,在拖放的节点上未找到动作或条件。
No sheets open,没有打开的表
Node group,节点组
"Patch - fixes, no new verbs",补丁 - 仅修复，无新动词
Pin / Unpin Favorite,固定/取消收藏
Platformer Starter,平台跳跃入门
Recently closed,最近关闭
Repeat N times,重复 N 次
Reset to the inferred name,重置为推断名称
Save System (Autoload),存档系统（自动加载）
Slow (30),慢（30）
Third-Person Mover (3D),第三人称移动（3D）
Top-down Starter,俯视角入门
While (condition),While（条件）
bow,弓
keep format,保留格式
potion,药水
sword,剑
Rename this verb…,重命名此动词…
Set its category…,设置其分类…
timeline,时间轴
steps,个步骤
at,在
Add Step…,添加步骤…
Timeline,时间轴
Render Scene To Image,把场景渲染成图片
"Instantiates a scene into an off-screen viewport, lets it settle for a frame, and saves what it shows as a PNG - thumbnails, store shots, doc figures, baked sprites. Needs a windowed editor: a headless run has no renderer, so it warns and writes nothing.",把场景实例化到一个屏幕外视口中，让它稳定一帧，再把显示出来的画面保存为 PNG：缩略图、商店截图、文档配图、烘焙精灵。需要带窗口的编辑器：无头运行没有渲染器，因此只会给出警告，不写入任何文件。
Preview Table Rolls,预览表格抽取
"Rolls a weighted table many times and reports what actually came out: per entry the rolled percent, the percent its weight implies, and the gap between them. Pure maths - it runs anywhere, and the same seed always gives the same numbers.",对一张带权重的表格反复抽取，并报告实际抽到了什么：每一条给出抽中的百分比、权重所对应的百分比，以及两者之间的差距。纯粹的算术：到哪里都能跑，同一个种子永远给出同样的数字。
On Project Export,项目导出时
"Runs while a project export is starting, before the files are written - the place to stamp a build number, bake a data file, or strip debug content.",在项目导出开始、文件写出之前运行：用来打上构建号、烘焙数据文件，或剔除调试内容的地方。
Write Version Stamp,写入版本戳
"Writes a small build stamp file: the version string plus the date and time the stamp was written. The timestamp is read when the tool runs, so the generated code stays identical every save.",写出一个小小的构建戳文件：版本字符串，加上写入戳记的日期和时间。时间在工具运行时才读取，所以每次保存生成的代码都完全一致。
Export Is Debug,导出是调试版
True when the export that triggered this bake step is a debug build. Use it inside On Project Export to keep test content out of release builds.,当触发这一烘焙步骤的导出是调试构建时为真。放在项目导出时里面使用，把测试内容挡在正式构建之外。
Export Has Feature,导出带有特性
"True when the export preset that triggered this bake step carries the given feature tag - the way to bake different data for mobile, web or desktop.",当触发这一烘焙步骤的导出预设带有指定的特性标签时为真：这是为移动端、网页或桌面端烘焙不同数据的方式。
Share Code For,分享码
"Turns any value into one compact line of text a player can paste anywhere - a seed, a loadout, a whole save. Read it back with Value From Share Code.",把任意值变成一行紧凑的文本，玩家可以粘贴到任何地方 - 一个随机种子、一套配装、整个存档。用 分享码的值 读回来。
Utility: Window,工具: 窗口
share code for [b]{value}[/b],[b]{value}[/b] 的分享码
Value,值
"Anything - a run seed, a loadout list, a colour, a whole save record.",任何东西 - 一次游戏的种子、一份配装清单、一个颜色、一整条存档记录。
Copy Share Code To Clipboard,复制分享码到剪贴板
"Encodes any value as a share code and puts it straight on the operating system clipboard, ready to paste.",把任意值编码成分享码，并直接放进操作系统剪贴板，随时可以粘贴。
copy share code for [b]{value}[/b] to clipboard,复制 [b]{value}[/b] 的分享码到剪贴板
"Anything - a run seed, a loadout list, a whole save record.",任何东西 - 一次游戏的种子、一份配装清单、一整条存档记录。
Share Code Is Valid,分享码有效
"True when the text really is a share code that decodes cleanly, so a paste box can refuse garbage before it reaches the game. Ask it when the pasted text CHANGES (a Paste button, On Text Changed) rather than every frame: a code mangled in transit can still reach the decoder, and the engine logs a line each time it is refused. A code that was made from nothing at all also reads as invalid.",当这段文本确实是一个能够干净解码的分享码时为真，这样粘贴框就能在垃圾内容进入游戏之前把它拒之门外。请在粘贴的文本「发生变化」时询问（粘贴按钮、文本变化时），而不是每一帧都问：传输中被截断的码仍会到达解码器，而引擎每次拒绝都会打印一行。由空值生成的码同样读作无效。
[b]{code}[/b] is a valid share code,[b]{code}[/b] 是有效的分享码
Code,码
The pasted text to test - usually Clipboard Text or a paste box's text.,要检查的粘贴文本 - 通常是 剪贴板文本 或粘贴框里的文本。
Value From Share Code,分享码的值
"Reads the value back out of a share code, giving nothing when the text is not a valid code.",从分享码里把值读回来；文本不是有效的码时什么也不给。
value from share code [b]{code}[/b],分享码 [b]{code}[/b] 的值
The share code text to read - check it with Share Code Is Valid first.,要读取的分享码文本 - 请先用 分享码有效 检查它。
Clipboard Has Text,剪贴板中有文本
True when the operating system clipboard currently holds any text - gate a paste box on it.,当操作系统剪贴板中当前有任何文本时为真 - 用它来决定粘贴框是否可用。
clipboard has text,剪贴板中有文本
Clipboard Has Image,剪贴板中有图片
"True when the operating system clipboard currently holds an image, such as a screenshot the player just copied.",当操作系统剪贴板中当前有图片时为真，例如玩家刚刚复制的截图。
clipboard has an image,剪贴板中有图片
Clipboard Image,剪贴板图片
The image currently on the operating system clipboard - feed it to ImageTexture.create_from_image to show it.,当前位于操作系统剪贴板中的图片 - 交给 ImageTexture.create_from_image 即可显示。
clipboard image,剪贴板图片
Clipboard Text Is,剪贴板文本为
"Compares whatever text is on the clipboard against a value, with your choice of operator.",用你选择的运算符，把剪贴板中的文本与一个值作比较。
clipboard text {op} [b]{value}[/b],剪贴板文本 {op} [b]{value}[/b]
Operator,运算符
Comparison.,比较。
= (equal to),= (等于)
!= (not equal to),!= (不等于)
< (less than),< (小于)
<= (at most),<= (至多)
> (greater than),> (大于)
>= (at least),>= (至少)
Text to compare the clipboard against.,用来与剪贴板比较的文本。
Clone Into,克隆到
"Copies a live node, adds the copy to a parent, places it and optionally puts it in a group - the one-row form of Duplicate Node plus Add Child plus Set Position. Use Spawn Scene when you are starting from a .tscn file instead.",复制一个活的节点，把副本加到某个父节点下，摆好位置，还可以顺便加入一个组 - 相当于 复制节点 加 添加子节点 加 设置位置 的一行写法。如果你是从 .tscn 文件出发，请改用 生成场景。
Nodes,节点
"clone [i]{source}[/i] into [i]{parent}[/i] at [b]{at}[/b], group [b]{group}[/b]",把 [i]{source}[/i] 克隆到 [i]{parent}[/i] 的 [b]{at}[/b]，组 [b]{group}[/b]
The live node to copy.,要复制的活节点。
Into,放入
Where the copy is added.,副本添加到哪里。
At,位置
World position for the copy (a Vector3 for a 3D node). Only used when the copy has a position.,副本的世界坐标（3D 节点用 Vector3）。只有当副本本身带位置时才会使用。
Optional group for the copy (blank = none).,副本可选加入的组（留空表示不加）。
Remember Value As,记住值为
"Copies any value aside under a name, in memory, for this run - the before-value for a preview, a buff or a cutscene. For memory that survives closing the game use Remember Between Runs on the variable, or the Save System pack.",把任意值以一个名字暂存在内存里，只在本次运行期间有效 - 预览、增益或过场动画之前的那个值。若需要关掉游戏后仍然保留，请在变量上使用 跨次运行记住，或使用存档系统包。
Run Context,运行上下文
remember [b]{value}[/b] as [b]{name}[/b],把 [b]{value}[/b] 记为 [b]{name}[/b]
Any label you also use in Restore Value Into.,任意标签，在 恢复值到 中要用同一个。
The value to copy aside.,要暂存起来的值。
Restore Value Into,恢复值到
Pours a remembered value back into a variable. When nothing was remembered under that name the variable keeps what it already had.,把记住的值倒回变量里。如果这个名字下什么都没记过，变量保持原样。
restore [b]{name}[/b] into [b]{var_name}[/b],把 [b]{name}[/b] 恢复到 [b]{var_name}[/b]
The label used in Remember Value As.,在 记住值为 中使用的标签。
Into Variable,写入变量
Variable that receives the remembered value (left alone when nothing was remembered).,接收记住值的变量（如果没有记过，则原样不动）。
Remembered Value,记住的值
"The value remembered under a name this run, or your fallback when there is none - read it without pouring it back.",本次运行中以该名字记住的值；没有就给你指定的备用值 - 只读取，不倒回去。
remembered [b]{name}[/b] or [b]{fallback}[/b],记住的 [b]{name}[/b] 或 [b]{fallback}[/b]
Or,否则
What you get when nothing was remembered under that name.,该名字下什么都没记过时，你会得到的值。
Has Remembered,已记住
True when something was remembered under that name this run - the gate on a Cancel button that should only undo a preview it actually took.,本次运行中该名字下确实记过东西时为真 - 用作「取消」按钮的条件，只撤销真正做过的预览。
has remembered [b]{name}[/b],已记住 [b]{name}[/b]
Forget Remembered,忘记记住的值
"Drops a remembered value, so Has Remembered reads false again. Forgetting a name that was never remembered is harmless.",丢掉一个记住的值，于是 已记住 又变回假。忘记一个从未记过的名字没有任何副作用。
forget remembered [b]{name}[/b],忘记记住的 [b]{name}[/b]
Resources In Folder,文件夹中的资源
"Loads every data asset (.tres) in a folder as a list, so a folder of files becomes your content - items, enemies, levels, or a mod folder. A missing folder gives an empty list, and a file that fails to load is left out rather than arriving as nothing.",把一个文件夹里所有数据资产（.tres）作为列表加载，于是「一个文件夹」就是你的内容 - 道具、敌人、关卡，或者玩家放 MOD 的目录。文件夹不存在就给空列表；加载失败的文件会被剔除，而不是变成一个空值混进来。
Files,文件
resources in [b]{folder}[/b],[b]{folder}[/b] 中的资源
Folder,文件夹
"Folder to scan (not recursive). Every .tres / .res inside it is loaded, in the folder's own order.",要扫描的文件夹（不递归）。其中每个 .tres / .res 都会按文件夹自身顺序加载。
Resource In Folder,文件夹中的某个资源
"Fetches one data asset out of a folder by its file name, or nothing at all when there is no such file - no red error.",按文件名从文件夹里取出一个数据资产；没有这个文件就什么也不给 - 不会报红色错误。
resource [b]{name}[/b] in [b]{folder}[/b],[b]{folder}[/b] 中的资源 [b]{name}[/b]
Folder holding the data assets.,存放数据资产的文件夹。
"File name WITHOUT the .tres extension - ""rusty_sword"" finds rusty_sword.tres.","不带 .tres 扩展名的文件名 - ""rusty_sword"" 会找到 rusty_sword.tres。"
Load Resource Or Default,加载资源否则用默认值
"Loads a file and hands back your fallback when it is missing, so a deleted or mod-supplied file never crashes the game.",加载一个文件；文件不在时返回你指定的备用值，这样被删掉的或 MOD 提供的文件永远不会让游戏崩溃。
load [b]{path}[/b] or [i]{fallback}[/i],加载 [b]{path}[/b] 否则用 [i]{fallback}[/i]
Path,路径
Full path to the resource or scene to load.,要加载的资源或场景的完整路径。
Fallback,备用值
"What to use instead when the file is not there (a preloaded default, or null).",文件不存在时改用什么（一个预加载的默认值，或 null）。
Count Of Resources In,资源数量
"How many data assets a folder holds, counted without loading any of them - zero if the folder is missing.",一个文件夹里有多少数据资产，数的时候一个都不加载 - 文件夹不存在则为 0。
count of resources in [b]{folder}[/b],[b]{folder}[/b] 中的资源数量
Folder to count data assets in (not recursive).,在其中统计数据资产的文件夹（不递归）。
Copy Resource (Independent),复制资源（独立）
"Makes a private copy of a resource, right down to the resources inside it, so writing to the copy never changes the .tres on disk or any other node holding it. Use this before a node edits its own stats.",为资源做一份私有副本，连它内部的子资源一起复制，因此写副本永远不会改动磁盘上的 .tres，也不会影响持有同一份资源的其他节点。让节点改自己的数值之前，先来这一步。
Helpers,辅助
independent copy of [i]{resource}[/i],[i]{resource}[/i] 的独立副本
Resource,资源
The resource to copy. Anything that is not a resource (including nothing at all) gives nothing back.,要复制的资源。凡是不是资源的东西（包括空值）都不会返回任何内容。
Copy Resource (Share Sub-Resources),复制资源（共享子资源）
Makes a cheap copy whose own fields are separate but whose inner resources and lists are still SHARED with the original. Pick this only when you want that sharing - otherwise use Copy Resource (Independent).,做一份廉价副本：它自己的字段是独立的，但内部的子资源和列表仍与原件「共享」。只有确实需要这种共享时才选它 - 否则请用 复制资源（独立）。
copy of [i]{resource}[/i] (sub-resources shared),[i]{resource}[/i] 的副本（共享子资源）
Deep Copy,深拷贝
"Copies the array AND every list or dictionary nested inside it, so editing the copy cannot reach back into the original. Copy Array only copies the outer level.",复制数组以及其中嵌套的每一个列表和字典，因此改副本绝不会波及原件。复制数组 只复制最外层。
Variables: Array,变量: 数组
deep copy of [b]{var_name}[/b],[b]{var_name}[/b] 的深拷贝
Array,数组
Array variable to copy right through.,要彻底复制的数组变量。
"Copies the dictionary AND every list or dictionary nested inside it, so editing the copy cannot reach back into the original. Copy Dictionary only copies the outer level.",复制字典以及其中嵌套的每一个列表和字典，因此改副本绝不会波及原件。复制字典 只复制最外层。
Variables: Dictionary,变量: 字典
Dictionary,字典
Dictionary variable to copy right through.,要彻底复制的字典变量。
Copy Values From,从…复制数值
"Pours a list of values off another object onto this one, in one row instead of one row per property. Names the target does not have are skipped, so a single preset can serve several kinds of node.",把另一个对象上的一串数值倒到这个对象上，一行搞定，而不是每个属性写一行。目标没有的名字会跳过，因此同一份预设可以服务多种节点。
copy [b]{names}[/b] from [i]{source}[/i] into [i]{target}[/i],把 [i]{source}[/i] 的 [b]{names}[/b] 复制到 [i]{target}[/i]
The object being written to - it is what changes.,被写入的对象 - 发生变化的是它。
The object to read from - a node OR a resource.,读取来源对象 - 可以是节点，也可以是资源。
Names,名称
Comma-separated property names. Leave blank to copy every variable the source's script declares.,用逗号分隔的属性名。留空则复制来源脚本声明的所有变量。
Fill Blanks From,从…填补空缺
"Writes a base's values ONLY into fields this object left empty, leaving everything you did fill in alone. That is the override chain: a base item plus a rarity variant, or a shipped table plus a mod file. Empty means nothing there: no value at all, blank text, an empty list or an empty record - a 0 and a false are real values and are kept, exactly as Is Nothing and Missing Fields read them.",只把基准对象的值写进这个对象留空的字段，你已经填好的一律不动。这就是覆盖链：基础道具加稀有度变体，或内置表格加 MOD 文件。「空」指的是什么都没有：没有值、空文本、空列表、空记录。0 和 false 是真实的值，会被保留 - 与 什么都没有 和 缺失的字段 的读法完全一致。
fill blanks in [i]{target}[/i] from [i]{base}[/i],用 [i]{base}[/i] 填补 [i]{target}[/i] 的空缺
Fill,填补
The one being completed - it is what changes.,被补全的那个 - 发生变化的是它。
Where the missing values come from.,缺失的值从哪里来。
Apply Preset To Node,把预设应用到节点
"Pours a data asset's fields onto the same-named properties of a node, so difficulty tiers, weapon tunings and boss phases become a data edit instead of a wall of rows.",把数据资产里的字段倒进节点上同名的属性，于是难度档位、武器数值、Boss 阶段变成改数据，而不是堆一墙的行。
apply preset [b]{preset}[/b] to [i]{target}[/i],把预设 [b]{preset}[/b] 应用到 [i]{target}[/i]
Preset,预设
The data asset to pour on (a .tres you filled in the Inspector). Nothing happens if it is empty.,要倒进去的数据资产（你在检查器里填好的 .tres）。为空则什么都不做。
The node to apply it to.,要应用到的节点。
Matches Properties Of,属性与…一致
"True while the listed properties hold the same values on both objects - the cheap 'is this ghost still in sync' or 'has anything changed' check. A name neither object has reads as NOT matching, so a typo shows up instead of quietly passing, and either side being gone reads as not matching too.",只要列出的属性在两个对象上取值相同就为真 - 这是「这个残影还同步吗」「有什么变了吗」的廉价检查。两个对象都没有的名字读作「不匹配」，所以拼错会暴露出来而不是悄悄通过；任何一边已经消失也读作不匹配。
[i]{target}[/i] matches [b]{names}[/b] of [i]{other}[/i],[i]{target}[/i] 的 [b]{names}[/b] 与 [i]{other}[/i] 一致
Object,对象
The object to test.,要检查的对象。
"Comma-separated property names to compare. A blank list has nothing to compare, so it is true.",用逗号分隔、要比较的属性名。空列表没有可比的内容，因此为真。
Of,对照对象
The object to compare against.,用来对照的对象。
Data Is Older Than Version,数据早于版本
"True when a loaded record was written by an older build than this one - the gate a migration sits under. A record with NO version field counts as 0, so the very first format upgrades too, and so does one whose version field is empty or is not a number at all.",当加载到的记录是由比当前更旧的构建写下时为真 - 迁移就挂在这个条件下。「没有」版本字段的记录按 0 计，所以最初的那版格式也会被升级；版本字段为空或根本不是数字时同理。
[b]{record}[/b] is older than version [b]{version}[/b],[b]{record}[/b] 早于版本 [b]{version}[/b]
Record,记录
"The parsed record (a save file, a payload, a manifest).",已解析的记录（存档文件、传输载荷、清单）。
Field,字段
Which field holds the version number.,哪个字段存放版本号。
Version,版本
The version this build writes.,当前构建写入的版本。
Rename Field,重命名字段
"Moves a value to its new field name, and does nothing at all when the old name is not there - so a migration is safe to run twice.",把一个值搬到新的字段名下；旧名字不存在时什么都不做 - 所以迁移跑两遍也安全。
rename [b]{from_field}[/b] to [b]{to_field}[/b] in [i]{record}[/i],在 [i]{record}[/i] 中把 [b]{from_field}[/b] 改名为 [b]{to_field}[/b]
"The record to migrate, edited in place.",要迁移的记录，就地修改。
The old field name.,旧字段名。
The new field name (overwritten if it is already there).,新的字段名（如果已存在会被覆盖）。
Stamp Data Version,标记数据版本
"Writes the current format number onto a record, so the next load knows it has already been migrated. Data Is Older Than Version reads it back, and reads it as 0 when it is missing or is not a number.",把当前格式号写到记录上，这样下次加载就知道它已经迁移过了。数据早于版本 会读回这个号；缺失或不是数字时按 0 读。
stamp [i]{record}[/i] as version [b]{version}[/b],把 [i]{record}[/i] 标记为版本 [b]{version}[/b]
The record to stamp.,要标记的记录。
The version this build writes - a whole number.,当前构建写入的版本 - 一个整数。
Table From File,从文件读表
"Reads a .csv whose FIRST line is the column names and gives you one record per row, each field reachable by column name - row[""price""]. Quoted cells may contain the separator, Windows line endings are fine, and a missing file simply gives no rows. Store it in an Array variable, then walk it with a For Each pick filter.","读取「第一行是列名」的 .csv，每行给你一条记录，每个字段都能按列名取用 - row[""price""]。带引号的单元格里可以含分隔符，Windows 换行没问题，文件不存在就是没有行。把结果存进数组变量，再用 For Each 挑选过滤器逐行处理。"
Files: Tables,文件: 表格
rows of [b]{path}[/b],[b]{path}[/b] 的行
File,文件
The .csv to read. Its FIRST line must be the column names.,要读取的 .csv。它的第一行必须是列名。
Separator,分隔符
What separates the columns in that file.,该文件中用什么分隔各列。
Comma,逗号
Semicolon,分号
Tab,制表符
Table From Text,从文本读表
"The same column-names-first parse as Table From File, but over text you already hold instead of a file on disk.",与 从文件读表 相同的「首行是列名」解析，只是作用在你手上已有的文本，而不是磁盘上的文件。
rows in [b]{text}[/b],[b]{text}[/b] 中的行
"Spreadsheet text you already have - a pasted blob, a downloaded body, a file you read earlier. FIRST line = the column names.",你手上已有的表格文本 - 粘贴进来的一大块、下载到的正文、之前读进来的文件。第一行 = 列名。
Column Of Table,表的某一列
"Gives one whole column as a list, in row order - handy for a dropdown's items, a weights list, or a quick sum. A row missing that column contributes empty text.",把一整列按行序作为列表返回 - 用来填下拉菜单、权重列表或快速求和都很顺手。缺这一列的行贡献一个空文本。
column [b]{column}[/b] of [b]{table}[/b],[b]{table}[/b] 的列 [b]{column}[/b]
Table,表格
The rows-of-records variable a Table From File (or Table From Text) expression filled.,由 从文件读表（或 从文本读表）表达式填好的「一行一记录」变量。
Column,列
"The column name to read, exactly as it is spelled in the header row.",要读取的列名，拼写要与表头行完全一致。
Row Where,满足条件的行
"Finds the FIRST record whose column holds this value - the single-item lookup, e.g. the row for item ""sword"". Gives an empty record when nothing matches, so check it with Dictionary Is Empty before reading fields.","找出该列取值等于这个值的「第一条」记录 - 单条查询，比如道具 ""sword"" 那一行。没有匹配时返回空记录，所以读取字段前请用 字典为空 检查一下。"
row of [b]{table}[/b] where [b]{column}[/b] is [b]{value}[/b],[b]{table}[/b] 中 [b]{column}[/b] 为 [b]{value}[/b] 的行
"The column to match on, exactly as it is spelled in the header row.",用来匹配的列，拼写要与表头行完全一致。
Is,为
"The value to look for. Compared as text, so 25 and ""25"" both match a cell reading 25.","要查找的值。按文本比较，所以 25 和 ""25"" 都能匹配写着 25 的单元格。"
For Each Line In Text,对文本中的每一行
"Runs this event's actions once per LINE of the text, skipping blank ones. Windows (CRLF) and old-Mac (CR) endings are handled, so no line arrives with a stray carriage return. Read the current one as `line`.",对文本的每一「行」执行一次本事件的动作，空行跳过。Windows（CRLF）和旧 Mac（CR）换行都会处理，所以不会有行带着多余的回车符进来。当前行读作 `line`。
Loops,循环
for each line in [b]{text}[/b],对 [b]{text}[/b] 中的每一行
"The text to walk line by line - a file you read, a pasted blob, a leaderboard body.",要逐行遍历的文本 - 读进来的文件、粘贴的一大块、排行榜正文等。
For Each Part In Text,对文本中的每一段
"Runs this event's actions once per PIECE of the text. Each piece arrives with its surrounding spaces trimmed, and empty pieces are skipped, so ""sword; shield;; bow"" is three parts. Read the current one as `part`.","对文本的每一「段」执行一次本事件的动作。每段到手时已去掉前后空格，空段会跳过，所以 ""sword; shield;; bow"" 是三段。当前段读作 `part`。"
for each part of [b]{text}[/b] split by [b]{separator}[/b],对以 [b]{separator}[/b] 分隔的 [b]{text}[/b] 的每一段
"The text to break up - a tag list, a chat command's arguments, one cell of a spreadsheet.",要拆开的文本 - 一串标签、一条聊天指令的参数、表格中的一个单元格。
Split by,分隔符
"What separates the pieces, e.g. "","" or "";"" or "" "".","用什么分隔各段，例如 "","" 或 "";"" 或 "" ""。"
For Each Resource In Folder,对文件夹中的每个资源
"Runs this event's actions once per data asset (.tres / .res) in a folder, already loaded - the ""a folder of items IS my item list"" setup, with no list to maintain. A folder that is not there walks nothing (quietly - it is checked first, so a loop that runs every frame cannot spam errors), and anything that fails to load is skipped rather than arriving as null. Read the current one as `entry`.",对文件夹里每个数据资产（.tres / .res）执行一次本事件的动作，并且已经加载好 - 这就是「一个道具文件夹就是我的道具清单」的做法，没有清单需要维护。文件夹不存在时什么也不遍历（而且很安静 - 会先检查，所以每帧运行的循环也不会刷屏报错）；加载失败的会被跳过，而不是变成 null 送进来。当前项读作 `entry`。
for each resource in [b]{folder}[/b],对 [b]{folder}[/b] 中的每个资源
Folder of data assets to walk. Only .tres / .res files are loaded; anything else in there is ignored.,要遍历的数据资产文件夹。只加载 .tres / .res 文件，其他一律忽略。
Text Before,之前的文本
"The part of the text before the first marker: Text Before(""Ada [angry]: hi"", "" ["") is ""Ada"". When the marker is not there you get the whole text back, so nothing is silently lost.","第一个标记之前的那部分文本：之前的文本(""Ada [angry]: hi"", "" ["") 是 ""Ada""。标记不存在时会把整段文本还给你，所以不会悄悄丢东西。"
the part of {text} before {marker},{text} 中 {marker} 之前的部分
The line to read a piece out of.,要从中取出一段的那一行。
Before,之前
The marker to stop at (the first one wins).,在此停下的标记（以第一个为准）。
Text After,之后的文本
"Everything after the first marker: Text After(""Ada [angry]: hi"", ""]: "") is ""hi"". Empty when the marker is not there, because then there is no ""after"".","第一个标记之后的全部内容：之后的文本(""Ada [angry]: hi"", ""]: "") 是 ""hi""。标记不存在时为空，因为那时根本没有「之后」。"
the part of {text} after {marker},{text} 中 {marker} 之后的部分
After,之后
The marker to start after (the first one wins).,从其之后开始的标记（以第一个为准）。
Text Between,之间的文本
"The part between two markers: Text Between(""Ada [angry]: hi"", ""["", ""]"") is ""angry"". Empty when the opening marker is missing, and the rest of the text when the closing one is.","两个标记之间的那部分：之间的文本(""Ada [angry]: hi"", ""["", ""]"") 是 ""angry""。缺开头标记时为空；缺结尾标记时给你余下的全部文本。"
the part of {text} between {open} and {close},{text} 中 {open} 与 {close} 之间的部分
The opening marker.,开头标记。
The closing marker.,结尾标记。
Number In Text,文本中的数字
"The first number found anywhere in the text, whole or decimal: ""Chapter 3"" gives 3, ""v1.25-beta"" gives 1.25. You get 0 when there is no number at all, and you never write a pattern.","文本中任何位置出现的第一个数字，整数或小数皆可：""Chapter 3"" 得到 3，""v1.25-beta"" 得到 1.25。完全没有数字时得到 0，而且你永远不用写正则。"
the first number in {text},{text} 中的第一个数字
Text that has a number somewhere in it.,某处含有数字的文本。
Split Keeping Quotes,拆分并保留引号内内容
"Splits text on a separator but keeps anything inside ""double quotes"" together as one piece, and drops the quotes: give ""iron sword"" 2 is three pieces, not four. Empty pieces are skipped, so runs of separators never produce blanks.","按分隔符拆分文本，但把 ""双引号"" 里的内容当作一整块保留下来，并去掉引号：give ""iron sword"" 2 是三段而不是四段。空段会被跳过，所以连续的分隔符不会产生空白项。"
"pieces of {text}, keeping quotes together",{text} 的各段（引号内保持完整）
"The line to split - a console entry, a search box, a pasted cell.",要拆分的那一行 - 控制台输入、搜索框、粘贴过来的单元格。
What separates the pieces OUTSIDE quotes.,在引号「之外」用什么分隔各段。
Explain JSON Problem,解释 JSON 的问题
"Why this JSON failed to parse, with the line: ""line 4: Expected ':'"". Empty when it parses fine, so an empty result IS the all-clear. Log it and the bug report writes itself. Branch on this verb's own emptiness (Text Is Blank, inverted) rather than on JSON Is Valid: that condition reads a file holding just the word null as invalid, and this one has nothing to say about it, so pairing them logs an error with a blank reason.","这段 JSON 为什么解析失败，并带上行号：""line 4: Expected ':'""。解析正常时为空，所以「空结果」就是一切正常。把它打进日志，缺陷报告等于自己写好了。请按「本动词自身是否为空」来分支（文本为空白 取反），而不要用 JSON 有效：那个条件把只写着 null 一个词的文件读作无效，而本动词对此无话可说，两者搭配就会记下一条没有原因的错误。"
JSON,JSON
why {text} is not valid JSON,{text} 为何不是有效的 JSON
"The JSON text to check - a file you read, a paste, a server reply.",要检查的 JSON 文本 - 读进来的文件、粘贴的内容、服务器返回的响应。
Explain Table Problem,解释表格的问题
"The first cell of a table that should be a number and is not, said out loud: ""row 12, column ""price"": ""abc"" is not a number"". Rows are counted from 1 over the rows you hold - Table From File has already used up the header line, so row 12 is line 13 of the file. A row that is not a record at all is reported too. Empty when every listed column checks out.","表格中第一个「本该是数字却不是」的单元格，用一句话说出来：""row 12, column ""price"": ""abc"" is not a number""。行号是对你手上的行从 1 开始数的 - 从文件读表 已经用掉了表头那一行，所以 row 12 是文件的第 13 行。压根不是记录的行也会被报出来。列出的每一列都没问题时结果为空。"
what is wrong in {records},{records} 里哪里有问题
Rows,行
"A list of records - one per row, each field reachable by column name.",一串记录 - 每行一条，每个字段都能按列名取用。
Number columns,数值列
The columns that must hold numbers.,必须存放数字的那些列。
Missing Fields,缺失的字段
"The listed fields that are missing or left blank, comma-separated, and empty when the record is complete. Blank means nothing there: null, empty text, an empty list or an empty record - a 0 is a real value and is never reported.",列出的字段中缺失或留空的那些，用逗号连起来；记录完整时结果为空。「空」指的是什么都没有：null、空文本、空列表、空记录。0 是真实的值，永远不会被报出来。
the fields missing from {record},{record} 中缺失的字段
A record or a resource to check.,要检查的记录或资源。
Fields,字段
"The fields it must have filled in, separated by commas.",它必须填好的字段，用逗号分隔。
Shorten To Fit,缩短到放得下
"Trims text to a maximum number of characters and marks the cut with the ending you choose, so a clipped name never reads as the whole name. Text that already fits comes back untouched, and the result never runs past the width you gave - a width too narrow to hold the ending simply cuts without one. Cuts mid-word: use Shorten To Whole Words when the cut should land on a word boundary.",把文本裁到最多多少个字符，并用你选的结尾符号标出裁切，这样被截断的名字绝不会读起来像完整的名字。本来就放得下的文本原样返回，结果也绝不会超出你给的宽度 - 窄到连结尾符号都放不下时，就直接不带符号裁掉。它会从词中间裁开：想让裁切落在词边界上，请用 按整词缩短。
shorten [b]{text}[/b] to [b]{max_chars}[/b] characters,把 [b]{text}[/b] 缩短到 [b]{max_chars}[/b] 个字符
The text that has to fit.,必须放得下的那段文本。
Max characters,最多字符数
"The widest the result may get, in characters, counting the ending below.",结果最多可以有多宽（按字符数），并把下面的结尾符号算在内。
Ending,结尾符号
"What marks the cut, e.g. ""..."" or a single ellipsis character. Its own length is taken out of the budget.","用什么标示裁切，例如 ""..."" 或一个省略号字符。它自身的长度会从预算里扣掉。"
Shorten To Whole Words,按整词缩短
"Like Shorten To Fit, but backs up to the last complete word before cutting, so ""Ancient Sword of Thorns"" reads ""Ancient Sword..."" instead of ""Ancient Sword of Th"". When the budget holds no whole word (one very long word) it falls back to cutting by characters, and when it is too narrow to hold the ending at all it cuts without one - so the result is never just the ending, and never wider than you asked for.","与 缩短到放得下 一样，但在裁切前会退回到最后一个完整单词，因此 ""Ancient Sword of Thorns"" 读作 ""Ancient Sword..."" 而不是 ""Ancient Sword of Th""。当预算里放不下任何完整单词时（比如只有一个很长的单词），它退回到按字符裁切；窄到连结尾符号都放不下时就不带符号裁 - 所以结果绝不会只剩结尾符号，也绝不会超过你要求的宽度。"
shorten [b]{text}[/b] to whole words within [b]{max_chars}[/b],在 [b]{max_chars}[/b] 之内把 [b]{text}[/b] 按整词缩短
With Thousands Separators,带千位分隔符
"Turns a number into grouped digits a player can take in at a glance: 1234567 reads ""1,234,567"". Whole numbers only (the fraction is dropped); a negative keeps its minus sign. For idle-game scale (1.23e15, ""1.23 Qa"") reach for the Big Numbers pack instead.","把数字变成玩家一眼就能读懂的分组数位：1234567 读作 ""1,234,567""。只处理整数（小数部分会被丢弃）；负数保留减号。要处理放置类游戏的量级（1.23e15、""1.23 Qa""），请改用「大数字」包。"
[b]{value}[/b] with thousands separators,带千位分隔符的 [b]{value}[/b]
The number to make readable. Anything after the decimal point is dropped.,要变得易读的数字。小数点后的部分会被丢弃。
As Percent Text,转成百分比文本
"Turns a fraction into percent TEXT with the sign on it: 0.73 reads ""73%"". Feed it a 0-to-1 value (Percent Of already returns 0-to-100, so divide that by 100 or use the raw fraction).","把一个比例变成带百分号的「文本」：0.73 读作 ""73%""。请喂给它 0 到 1 之间的值（占比 已经返回 0 到 100，所以要么除以 100，要么直接用原始比例）。"
[b]{value}[/b] as a percent,[b]{value}[/b] 的百分比
Fraction,比例
"A fraction where 1.0 means full, e.g. health / max_health.",以 1.0 表示满的比例，例如 health / max_health。
Decimals,小数位数
Digits after the decimal point. 0 gives a whole percent.,小数点后保留几位。0 表示取整的百分比。
As Duration,转成时长
"Seconds as a duration that survives passing an hour: 3725 reads ""1h 02m"" and 90 reads ""1m 30s"". A negative duration reads as zero. Use As Clock Time when you want strict mm:ss (it rolls an hour into ""60:00"").","把秒数写成超过一小时也不出错的时长：3725 读作 ""1h 02m""，90 读作 ""1m 30s""。负的时长按零读。想要严格的 mm:ss，请用 时钟时间（在那里一小时会变成 ""60:00""）。"
[b]{seconds}[/b] as a duration,[b]{seconds}[/b] 的时长
Seconds,秒
A duration in seconds.,以秒为单位的时长。
Align Left,左对齐
"Pads text out on the RIGHT to a fixed width, so every row starts on the same edge and reads as a column. Text longer than the width is left alone (it is never cut - shorten it first). Give the Label a MONOSPACE theme font or the column will still drift.",把文本在「右侧」补齐到固定宽度，于是每一行都从同一条边开始，读起来像一列。比宽度还长的文本原样保留（永远不裁 - 请先缩短）。要给 Label 设置等宽主题字体，否则这一列还是会歪。
[b]{text}[/b] aligned left in [b]{width}[/b],在 [b]{width}[/b] 宽度内左对齐的 [b]{text}[/b]
The text to pad out.,要补齐的文本。
Width,宽度
Column width in characters. Shorter text is padded; longer text is left as it is.,列宽（按字符数）。较短的文本会补齐，较长的原样保留。
Fill with,填充字符
"What fills the gap: a space, or ""."" for a dotted leader. One character.","用什么填补空隙：空格，或者用 ""."" 做点线引导。只能是一个字符。"
Align Right,右对齐
"Pads text out on the LEFT to a fixed width, so numbers END on the same edge and read as a column of figures. Text longer than the width is left alone. Give the Label a MONOSPACE theme font or the column will still drift.",把文本在「左侧」补齐到固定宽度，于是数字都在同一条边「结束」，读起来像一列数目。比宽度还长的文本原样保留。要给 Label 设置等宽主题字体，否则这一列还是会歪。
[b]{text}[/b] aligned right in [b]{width}[/b],在 [b]{width}[/b] 宽度内右对齐的 [b]{text}[/b]
The text to pad out - str() a number first.,要补齐的文本 - 数字请先用 str() 转成文本。
Center In Width,在宽度内居中
"Pads text on BOTH sides to a fixed width, so a heading sits in the middle of a column. An odd leftover space goes on the right. Text longer than the width is left alone. Give the Label a MONOSPACE theme font or the centering will still drift.",把文本在「两侧」补齐到固定宽度，于是标题落在一列的正中。多出来的那一格奇数空位放到右边。比宽度还长的文本原样保留。要给 Label 设置等宽主题字体，否则居中还是会歪。
[b]{text}[/b] centered in [b]{width}[/b],在 [b]{width}[/b] 宽度内居中的 [b]{text}[/b]
The text to center.,要居中的文本。
As Title Text,转成标题文本
"Turns a machine id into a readable name: ""fire_sword"" reads ""Fire Sword"", ""maxHealth"" reads ""Max Health"". Use it wherever a key has to be shown to a player, so ids and labels never drift apart in two places.","把机器用的 id 变成可读的名字：""fire_sword"" 读作 ""Fire Sword""，""maxHealth"" 读作 ""Max Health""。凡是要把键展示给玩家的地方都用它，id 和显示名就不会在两处各走各的。"
[b]{text}[/b] as title text,作为标题文本的 [b]{text}[/b]
"An id or key, e.g. fire_sword or maxHealth.",一个 id 或键，例如 fire_sword 或 maxHealth。
As Sentence Text,转成句首大写文本
"Raises the FIRST letter only and leaves the rest of the text exactly as it is, so ""NPC"" and ""HP"" keep their capitals. Empty text stays empty.","只把「第一个字母」变成大写，其余原封不动，因此 ""NPC"" 和 ""HP"" 仍保留它们的大写。空文本仍为空。"
[b]{text}[/b] as sentence text,作为句首大写文本的 [b]{text}[/b]
A sentence that needs its first letter raised.,需要把首字母改成大写的句子。
Translated Text From Pattern,由模板生成的译文
"Looks the whole sentence up in the current language FIRST, then fills its {slots}. The pattern you type here - slots and all - is the translation key, so it is what goes in the catalog. Filling the slots first (Translate around Text From Pattern) produces a string no catalog can contain, and the text then never translates.",先用当前语言把整句话「查」出来，然后再填它的 {slots}。你在这里写下的模板 - 连同占位槽 - 就是翻译键，也正是要放进词条表的东西。先填槽再翻译（用 翻译 包住 由模板生成文本）会产生任何词条表都不可能包含的字符串，那段文字从此永远不会被翻译。
Translation,翻译
translated text from [b]{pattern}[/b],由 [b]{pattern}[/b] 生成的译文
Pattern,模板
"The source sentence, with {name} slots. This exact string, slots and all, is the translation key that goes in the catalog.",源句子，带 {name} 占位槽。这个字符串原封不动（含占位槽）就是要写进词条表的翻译键。
Values,值
"What fills the slots: {""name"": value, ...} - e.g. {""coins"": coins}.","用什么填充占位槽：{""name"": value, ...} - 例如 {""coins"": coins}。"
Set Text (translated pattern),设置文本（翻译模板）
Sets this Label's text from a pattern that is translated FIRST and filled second. The pattern - slots and all - is the translation key. Re-run it under On Language Changed so the label follows a live language switch.,用「先翻译、后填槽」的模板来设置这个 Label 的文本。模板（连同占位槽）就是翻译键。把它放在 语言变化时 下再跑一次，标签就能跟上运行中的语言切换。
set text to translated [b]{pattern}[/b],把文本设为翻译后的 [b]{pattern}[/b]
Text Is A Number,文本是数字
"True when this text would convert to a number cleanly. Ask it BEFORE converting, so a typo can never arrive as a silent 0 and the sheet bet nothing. Spaces around the number are ignored; empty text is not a number.",当这段文本能够干净地转成数字时为真。请在转换「之前」先问，这样打错的输入就不会悄悄变成 0，让整张表押上了个「什么都没有」。数字前后的空格会忽略；空文本不是数字。
Compare: Text,比较: 文本
{text} is a number,{text} 是数字
"Text to test - a typed-in field, a value read back out of a save, a CSV or JSON cell.",要检查的文本 - 手输的输入框、从存档读回的值、CSV 或 JSON 里的一格。
Text Is A Whole Number,文本是整数
"True when this text would convert to a WHOLE number cleanly - a count, a level, a slot index. ""12"" passes and ""12.5"" does not, which is the only difference from Text Is A Number.","当这段文本能够干净地转成「整数」时为真 - 数量、等级、槽位序号。""12"" 通过而 ""12.5"" 不通过，这也是它与 文本是数字 唯一的差别。"
{text} is a whole number,{text} 是整数
"Text to test - a count, a level number, a save slot, a seed.",要检查的文本 - 数量、关卡编号、存档槽、随机种子。
Contains Any Of,包含其中任一
"True when the text contains at least ONE of the listed pieces - a chat filter, a keyword-triggered line, a tag-gated card. Unlike Text Is One Of, which needs the WHOLE text to equal an entry, this looks INSIDE the text. Matching is case-sensitive, and an empty list is never a match.",当文本包含所列片段中的「至少一个」时为真 - 聊天过滤、由关键词触发的台词、靠标签解锁的卡牌。与要求「整段文本」等于某一项的 文本是其中之一 不同，这个是往文本「里面」看。匹配区分大小写，空列表永远不算命中。
{text} contains any of {options},{text} 包含 {options} 中任一
Text to search.,要在其中查找的文本。
Any Of,其中任一
"List of pieces to look for - written here, or a sheet variable someone can edit without touching this row.",要查找的片段列表 - 可以直接写在这里，也可以放进一个表变量，让别人不用碰这一行就能改。
Contains All Of,包含其中全部
"True only when the text contains EVERY listed piece - a combo whose rule text names two keywords, a search box where all the words must match. An empty list counts as true, because nothing is missing.",只有当文本包含所列的「每一个」片段时才为真 - 规则文本里点名两个关键词的连招、要求所有词都命中的搜索框。空列表算作真，因为没有任何东西缺席。
{text} contains all of {options},{text} 包含 {options} 中全部
All Of,其中全部
List of pieces that must ALL appear.,必须「全部」出现的片段列表。
Contains None Of,不包含其中任何一个
"True when the text contains none of the listed pieces - the accept-this-name branch, written as the thing you want to act on instead of an Else. An empty list always passes.",当文本不包含所列的任何片段时为真 - 这是「接受这个名字」的分支，直接写成你想处理的那一侧，而不是写成 Else。空列表总是通过。
{text} contains none of {options},{text} 不包含 {options} 中任何一个
None Of,其中任何一个
List of pieces that must NOT appear.,「不得」出现的片段列表。
Number From Text,从文本取数字
"Reads a number out of text, or hands back the fallback YOU chose - never a surprise zero. Pair it with Text Is A Number when the two cases need different rows. The text is read twice in the emitted line, so keep it a plain read and not something that changes the game.",从文本里读出一个数字，读不出来就返回「你自己选的」备用值 - 绝不会冒出一个意外的 0。两种情况需要分成不同的行时，请与 文本是数字 搭配。生成的那行里这段文本会被读两次，所以请保持它是纯读取，而不是会改变游戏状态的东西。
Variables: String,变量: 字符串
number from {text} (or {fallback}),从 {text} 取的数字（否则 {fallback}）
Text to read a number out of.,要从中读出数字的文本。
What you get back when the text is not a number.,文本不是数字时你会得到的值。
Whole Number From Text,从文本取整数
"Reads a whole number out of text, or hands back your fallback. ""12.5"" is not a whole number, so it lands on the fallback rather than quietly becoming 12 - when you want that rounding, use Number From Text and round the result yourself.","从文本里读出一个整数，读不出来就返回你的备用值。""12.5"" 不是整数，所以它会落到备用值，而不是悄悄变成 12 - 想要那种取整，请用 从文本取数字 再自己取整。"
whole number from {text} (or {fallback}),从 {text} 取的整数（否则 {fallback}）
Text to read a whole number out of.,要从中读出整数的文本。
What you get back when the text is not a whole number.,文本不是整数时你会得到的值。
Is Nothing,什么都没有
"True when there is nothing there: no value at all, empty text, an empty list (including an empty Split Text result), or an empty record - one row whatever the value turns out to be. A 0 is NOT nothing, because a score of zero is a real value, and neither is text made only of spaces (that is Text Is Blank).",当那里什么都没有时为真：根本没有值、空文本、空列表（包括 拆分文本 得到的空结果）、空记录 - 无论值最终是什么类型，都只要这一行。0 「不是」什么都没有，因为 0 分是真实的值；只由空格组成的文本也不算（那是 文本为空白）。
Compare: Types,比较: 类型
{value} is nothing,{value} 什么都没有
"Anything - text, a list, a record, a reference.",任何东西 - 文本、列表、记录、引用。
Has Something,有内容
"True when there IS something there - a name was typed, the inventory has items, the save slot was written, the item slot is filled. The exact opposite of Is Nothing, for the times the filled case is the one you want to act on.",当那里「确实有」东西时为真 - 名字填过了、背包里有物品、存档槽写过了、道具格是满的。它是 什么都没有 的完全反面，适合你想处理「有内容」那一侧的时候。
{value} has something,{value} 有内容
Number Or,数字否则
"The value when it really is a number, or your own default when it is missing, null, text, or anything else. A zero counts as a real number and is kept. Use it to put a loaded value straight into a whole-number or decimal variable without a guard row first. The value is read twice in the emitted line, so keep it a plain read and not something that changes the game.",当它确实是数字时给出该值；缺失、为 null、是文本或是别的什么时，给出你自己指定的默认值。0 算作真实的数字并保留下来。用它可以把加载到的值直接放进整数或小数变量，而不用先写一行守卫。生成的那行里这个值会被读两次，所以请保持它是纯读取，而不是会改变游戏状态的东西。
Variables,变量
"{value} as a number, or {fallback}",{value} 作为数字，否则 {fallback}
"The untyped value to check - a save slot read, a JSON field, a Dictionary key.",要检查的无类型值 - 从存档槽读到的东西、JSON 字段、字典的键。
What you get back when it is not a number.,它不是数字时你会得到的值。
Text Or,文本否则
"The value when it really is text with something in it, or your own default when it is missing, null, blank, or another kind of value. The classic use is a saved player name that falls back to ""Player"". The value is read twice in the emitted line, so keep it a plain read and not something that changes the game.","当它确实是有内容的文本时给出该值；缺失、为 null、为空或是别的类型时，给出你自己指定的默认值。最经典的用法是存档里的玩家名字缺失时回退到 ""Player""。生成的那行里这个值会被读两次，所以请保持它是纯读取，而不是会改变游戏状态的东西。"
"{value} as text, or {fallback}",{value} 作为文本，否则 {fallback}
"What you get back when it is not text, or is blank.",它不是文本或为空时你会得到的值。
List Or,列表否则
"The value when it really is a list with items in it, or your own default when it is missing, null, empty, or another kind of value. A Split Text result counts as a list. Safe to feed straight into a For Each. The value is read twice in the emitted line, so keep it a plain read and not something that changes the game.",当它确实是有元素的列表时给出该值；缺失、为 null、为空或是别的类型时，给出你自己指定的默认值。拆分文本 的结果也算列表。可以放心直接喂给 For Each。生成的那行里这个值会被读两次，所以请保持它是纯读取，而不是会改变游戏状态的东西。
"{value} as a list, or {fallback}",{value} 作为列表，否则 {fallback}
"The untyped value to check - a loaded inventory, a JSON array, a Split Text result, a Dictionary key.",要检查的无类型值 - 加载进来的背包、JSON 数组、拆分文本 的结果、字典的键。
"What you get back when it is not a list, or is empty.",它不是列表或为空时你会得到的值。
Record Or,记录否则
"The value when it really is a record (a dictionary) with keys in it, or your own default when it is missing, null, empty, or another kind of value. Pair it with Get Key so a whole missing settings block reads as defaults. The value is read twice in the emitted line, so keep it a plain read and not something that changes the game.",当它确实是带键的记录（字典）时给出该值；缺失、为 null、为空或是别的类型时，给出你自己指定的默认值。与 取键 搭配，整块设置即使完全缺失也会按默认值读出来。生成的那行里这个值会被读两次，所以请保持它是纯读取，而不是会改变游戏状态的东西。
"{value} as a record, or {fallback}",{value} 作为记录，否则 {fallback}
"The untyped value to check - a loaded settings block, a JSON object, a Dictionary key.",要检查的无类型值 - 加载进来的设置块、JSON 对象、字典的键。
"What you get back when it is not a record, or is empty.",它不是记录或为空时你会得到的值。
Value Or,值否则
"The value unless it is null, in which case your own default. This one guards nothing else: a zero, a blank text and an empty list all count as real values here. Use it for a method that can hand back null. The value is read twice in the emitted line, so keep it a plain read and not something that changes the game.",只要它不是 null 就给出该值；是 null 时才给出你自己指定的默认值。这一个不管别的：0、空文本、空列表在这里都算真实的值。适合用在可能返回 null 的方法上。生成的那行里这个值会被读两次，所以请保持它是纯读取，而不是会改变游戏状态的东西。
"{value}, or {fallback} when it is nothing",{value}，什么都没有时用 {fallback}
"Anything that might be null - a method result, a freed reference, a missing key.",任何可能是 null 的东西 - 方法的返回值、已释放的引用、不存在的键。
What you get back when it is null.,它是 null 时你会得到的值。
Part Of,…的分量
"One named piece of a pair, a triple, a colour or a record: the up/down part of a velocity (the jump-or-fall test), the see-through part of a tint, the forward/back part of a 3D direction. Reads as a sentence instead of a typed-in .y. Pick a part the value actually has - a record that might be missing the field is the shipped Get Key (with default)'s job, because that one takes a fallback and this one does not.",二元、三元、颜色或记录中一个有名字的分量：速度的上下分量（判断在跳还是在落）、色调的透明分量、3D 方向的前后分量。它读起来是一句话，而不是手写的 .y。请挑值确实拥有的分量 - 可能缺字段的记录归 取键（带默认值） 管，因为那一个接受备用值，而这一个不接受。
Variables: Vector,变量: 向量
the {part} part of {value},{value} 的 {part} 分量
"A Vector2, Vector3, Color or record to read one part of.",要从中读取一个分量的 Vector2、Vector3、Color 或记录。
Part,分量
Which named part to read.,读取哪个具名分量。
X (left / right),X（左 / 右）
Y (up / down),Y（上 / 下）
Z (forward / back),Z（前 / 后）
Red,红
Green,绿
Blue,蓝
Alpha (see-through),Alpha（透明度）
Set Part Of,设置…的分量
"Changes one named part and leaves the rest alone: zero the vertical speed on landing and keep the horizontal, flatten a 3D direction to the ground plane, fade only the see-through part of a tint. Writing a part a record does not have yet ADDS it.",只改一个具名分量，其余保持不动：落地时把垂直速度归零而保留水平速度、把 3D 方向压平到地面、只淡出色调的透明分量。往记录里写一个它还没有的分量，会把这个分量「添加」进去。
set the {part} part of {var_name} to {value},把 {var_name} 的 {part} 分量设为 {value}
Variable or property,变量或属性
"What to change one part of: a node's own member (velocity, modulate, position) picked from the list, or the name of a sheet variable holding a Vector, Color or record.",要改动其中一个分量的对象：从列表里挑的节点自身成员（velocity、modulate、position），或某个存放向量、颜色或记录的表变量名。
Which named part to write.,写入哪个具名分量。
The new value for that one part.,该分量的新值。
